縣市,字號,"執照類別 ",狀態,機構名稱,負責獸醫,發照日期,機構地址
雲林縣,雲診字第93號,獸醫師,開業,和牧動物醫院,周應欽,2015/07/08,雲林縣虎尾鎮光復路454號
花蓮縣,府農漁開字第38號,獸醫師,開業,高橋貓友善動物醫院,李孟達,2015/07/01,花蓮市中正路136號
台北市,北市獸業字第492號,獸醫師,開業,寶寶新動物醫院,林郁尊,2015/06/25,台北市汀州路二段125號1樓
高雄市,高市獸師開字第306號,獸醫師,開業,恩澤動物醫院,王亭越,2015/06/17,高雄市苓雅區武廟路160之2號
金門縣,(104)疫政字第2號,獸醫師,開業,金門同伴動物醫院,徐曉萍,2015/05/26,金門縣金城鎮歐厝村63號
台中市,中市獸醫開字第293號,獸醫師,開業,劍橋動物醫院北屯分院,鄭代乾,2015/05/15,臺中市北屯區文心路四段806號
桃園市,桃獸師開執字第254號,獸醫師,開業,晨曦動物醫院龍安分院,王世儁,2015/05/15,桃園市桃園區龍安街109號
嘉義市,嘉市獸開字第91號,獸醫師,開業,珍愛動物醫院,蕭協其,2015/05/13,嘉義市東區吳鳳南路311號
桃園市,桃獸師開執字第253號,獸醫師,開業,呈品動物醫院,曾麗蓉,2015/05/04,桃園市中壢區中豐路359號
台中市,中市獸醫開字第292號,獸醫師,開業,全國動物醫院市政分院,杜政運,2015/04/30,臺中市西屯區何安里文心路三段46號
桃園市,桃獸師開執字第252號,獸醫師,開業,元氣動物醫院藝文分院,沈建璋,2015/04/27,桃園市桃園區莊敬路一段156號
新北市,新北獸醫業字第348號,獸醫師,開業,南勢角動物醫院,謝易軒,2015/04/21,新北市中和區捷運路20號1樓
南投縣,投府農畜師開字第32號,獸醫師,開業,龍貓動物醫院,邱魏豪鵬,2015/04/18,南投縣草屯鎮中興路271號
台北市,北市獸業字第490號,獸醫師,開業,天母太僕動物醫院,胡譽嚴,2015/04/17,臺北市士林區天母西路48號1樓
台北市,北市獸業字第491號,獸醫師,開業,南京太僕動物醫院,曾鴻章,2015/04/17,臺北市南京東路5段286號
台北市,北市獸業字第489號,獸醫師,開業,遠見動物眼科醫院,郭廣慈,2015/04/08,臺北市大安區和平東路2段68號1樓
台北市,北市獸業字第488號,獸醫師,開業,樂沛動物醫院,蔡金龍,2015/04/02,台北市內湖區成功路4段368號1樓2樓
高雄市,高市獸師開字第305號,獸醫師,開業,一嘉動物醫院,莊嘉泰,2015/03/31,高雄市苓雅區興中一路383號
南投縣,投府農畜師開字第31號,獸醫師,開業,永佳家畜診所,林佳蓉,2015/03/28,南投縣埔里鎮東華路91-1號
台中市,中市獸醫開字第291號,獸醫師,開業,全國動物醫院大里分院,林源盛,2015/03/25,臺中市大里區國光路二段441號
高雄市,高市獸師開字第304號,獸醫師,開業,卡布動物醫院,林時民,2015/03/19,高雄市三民區大昌一路289號
台南市,南市獸開字第152號,獸醫師,開業,大愛動物醫院,江明德,2015/03/11,臺南市北區和緯路二段516號
台北市,北市獸業字第487號,獸醫師,開業,劍橋動物醫院石牌芸林分院,彭寶瑩,2015/03/10,臺北市北投區石牌路2段332-1號1樓
台中市,中市獸醫開字第290號,獸醫師,開業,陽光動物醫院,邱馨萱,2015/03/09,臺中市西區中華路一段3-5號1-3樓
新北市,新北獸醫業字第347號,獸醫師,開業,聖地牙哥動物醫院,李錚,2015/03/06,新北市永和區永和路2段285號
台北市,北市獸業字第486號,獸醫師,開業,康新動物醫院,賴欣妤,2015/03/03,臺北市大安區文昌街89號1樓
屏東縣,屏獸開字第113號,獸醫師,開業,國太動物醫院,林子昇,2015/02/26,屏東縣潮州鎮永昌路47巷3號
台東縣,東府獸師開字第19號,獸醫師,開業,佳誼動物診所,蘇耿誼,2015/02/24,臺東縣臺東市正氣北路141巷11號
高雄市,高市獸師開字第302號,獸醫師,開業,品安動物醫院,高祥益,2015/02/09,高雄市三民區大昌二路448號
高雄市,高市獸師開字第301號,獸醫師,開業,永安動物醫院,劉晉汏,2015/02/05,高雄市鳳山區建國路3段16號
台中市,中市獸醫開字第289號,獸醫師,開業,威爾斯寵物村動物醫院,祝偉鈞,2015/02/04,臺中市北區中清路一段581號
台中市,中市獸醫開字第288號,獸醫師,開業,布萊梅動物醫院,陳韻安,2015/02/04,臺中市大甲區育英路174-1號
新北市,新北獸醫業字第346號,獸醫師,開業,欣欣動物醫院,甘騰凱,2015/02/03,新北市蘆洲區中山一路160號
台中市,中市獸醫開字第287號,獸醫師,開業,狗脾氣動物醫院,成玥禛,2015/01/30,臺中市清水區五權東路11號
新北市,新北獸醫業字第345號,獸醫師,開業,鷺江動物醫院,陳育仁,2015/01/29,新北市蘆洲區中正路209號
台中市,中市獸醫開字第286號,獸醫師,開業,懷恩動物醫院,劉文亮,2015/01/22,臺中市大雅區中清路四段303號
屏東縣,屏獸開字第112號,獸醫師,開業,國立屏東科技大學附設動物醫院,鍾承澍,2015/01/21,屏東縣內埔鄉老埤村學府路1號
高雄市,高市獸師開字第300號,獸醫師,開業,榆琁動物醫院,莊國偉,2015/01/15,高雄市林園區和平路66巷6號
台中市,中市獸醫開字第285號,獸醫師,開業,劍橋動物醫院,陳斾儒,2015/01/15,臺中市南屯區大進街526號(含1-2樓)
屏東縣,屏獸開字第111號,獸醫師,開業,萬新動物醫院,鄭文新,2015/01/09,屏東縣萬丹鄉萬新路1426號
嘉義市,嘉市獸開字第90號,獸醫師,開業,永全動物醫院,邱慶松,2015/01/07,嘉義市垂楊路619號
雲林縣,雲診字第91號,獸醫師,開業,雙盈動物醫院,莊金玉,2014/12/26,雲林縣虎尾鎮興南里113號
雲林縣,雲診字第92號,獸醫師,開業,肥肥壯壯獸醫院,陳哲欽,2014/12/26,雲林縣二崙鄉大同路21之2號
屏東縣,屏獸開字第110號,獸醫師,開業,瑞光動物醫院,王順瑜,2014/12/19,屏東縣長治鄉瑞光路一段745號
苗栗縣,苗縣獸師開字第103040號,獸醫師,開業,全民動物醫院,莊詔勛,2014/12/19,竹南鎮博愛街120號
台北市,北市獸業字第485號,獸醫師,開業,亞太動物醫院,葉力森,2014/12/17,臺北市文山區景福街244號1樓及地下1樓
屏東縣,屏獸開字第109號,獸醫師,開業,大同動物醫院自由分院,劉振漢,2014/12/16,屏東市自由路629號
台中市,中市獸醫開字第284號,獸醫師,開業,尼昂貓專科醫院,李佳芳,2014/12/09,臺中市南區復興路二段133號及地下室一樓
高雄市,高市獸師開字第299號,獸醫師,開業,昌明動物醫院,曾智美,2014/12/08,高雄市楠梓區楠梓東街38號1樓
台北市,北市獸業字第484號,獸醫師,開業,角落動物醫院,黃俊運,2014/12/02,臺北市內湖區金湖路22號1樓
南投縣,投府農畜師開字第30號,獸醫師,開業,雅富動物醫院,邱榮貴,2014/12/01,南投縣埔里鎮忠孝路266號
新北市,新北獸醫業字第344號,獸醫師,開業,慈恩動物醫院,梁雨峰,2014/11/21,新北市永和區永利路94巷3號
桃園市,桃獸師開執字第251號,獸醫師,開業,麻吉動物醫院,郭建宏,2014/11/17,桃園市中山北路4號
宜蘭縣,府農畜字第1030176880號,獸醫師,開業,湖光動物醫院,謝佩奇,2014/11/04,宜蘭縣冬山鄉冬山路1段753、755號
台北市,北市獸業字第483號,獸醫師,開業,志誠動物醫院,林傳基,2014/11/03,臺北市萬華區萬大路536號1樓
台中市,中市獸醫開字第283號,獸醫師,開業,奕良動物醫院,劉奕良,2014/10/28,臺中市后里區甲后路396號
台北市,北市獸業字第482號,獸醫師,開業,澤禾動物醫院,陳柏瑋,2014/10/23,臺北市松山區健康路256號1樓
新竹縣,竹縣字第29號,獸醫師,開業,品澤動物醫院,蔣安怡,2014/10/20,新竹縣竹北市中華路875號
屏東縣,屏獸開字第108號,獸醫師,開業,捲毛動物醫院,郭嘉琳,2014/10/17,屏東縣高樹鄉廣福村興農路72巷53號
彰化縣,彰府農防師開字第134號,獸醫師,開業,佑明動物醫院,洪明偉,2014/10/13,彰化縣北斗鎮復興路40號
新北市,新北獸醫業字第343號,獸醫師,開業,全國動物醫院永和分院,王國芬,2014/10/06,新北市永和區永貞路175號
桃園市,桃獸師開執字第250號,獸醫師,開業,琪欣動物醫院,張琪峯,2014/09/30,桃園市龜山區文化三路99號
新北市,新北獸醫業字第342號,獸醫師,開業,猩猩狐狸動物醫院,吳尚諭,2014/09/05,新北市汐止區仁愛路319號
新北市,新北獸醫業字第341號,獸醫師,開業,仁喆動物醫院,李信喆,2014/08/28,新北市林口區仁愛路二段172號
桃園市,桃獸師開執字第249號,獸醫師,開業,彩虹動物醫院,郭文龍,2014/08/25,"桃園市大興西路一段221號1 樓"
台北市,北市獸業字第480號,獸醫師,開業,尼古拉動物醫院,李國閔,2014/08/21,臺北市士林區克強路23號1樓
苗栗縣,苗縣獸師開字第103039號,獸醫師,開業,小花動物醫院,王崇印,2014/08/11,苗栗縣頭份鎮中央路358號
高雄市,高市獸師開字第298號,獸醫師,開業,瑞祥動物醫院,洪文杰,2014/08/11,高雄市前鎮區福祥街49號
桃園市,桃獸師開執字第248號,獸醫師,開業,國際動物醫院,林祐瑋,2014/08/07,桃園市國際路二段51號
桃園市,桃獸師開執字第247號,獸醫師,開業,人人動物醫院八德分院,溫仁光,2014/07/31,桃園市八德區介壽路一段693號
台北市,北市獸業字第479號,獸醫師,開業,國立臺灣大學生物資源暨農學院附設動物醫院,季昭華,2014/07/31,臺北市大安區基隆路3段153號
高雄市,高市獸師開字第297號,獸醫師,開業,樂樂動物醫院,汪鴻展,2014/07/30,高雄市鳳山區過勇路198號
新北市,新北獸醫業字第339號,獸醫師,開業,沐愛動物醫院,林家佑,2014/07/29,新北市板橋區國光路166號
台中市,中市獸醫開字第282號,獸醫師,開業,龍恩動物醫院,陳翊龍,2014/07/22,臺中市南屯區田心里大墩六街287號1樓
台北市,北市獸業字第478號,獸醫師,開業,慈愛動物醫院寧夏分院,胡甸浩,2014/07/21,臺北市大同區寧夏路1號1、3樓
台中市,中市獸醫開字第281號,獸醫師,開業,貞愛動物醫院,蘇淑貞,2014/07/18,臺中市豐原區豐原大道四段457號
新北市,新北獸醫業字第338號,獸醫師,開業,臺大健弘動物醫院,賴建宏,2014/07/14,新北市林口區民族路6號
台南市,南市獸開字第149號,獸醫師,開業,永佳動物醫院,宮欽泰,2014/07/09,臺南市安南區海佃路2段440號
台南市,南市獸開字第148號,獸醫師,開業,毛寶貝動物診所,郭秋琴,2014/07/08,臺南市永康區中山南路475號
桃園市,桃獸師開執字第246號,獸醫師,開業,圓霖動物醫院南崁分院,李紹微,2014/07/04,蘆竹市南崁中正路362號
台中市,中市獸醫開字第280號,獸醫師,開業,興旺動物醫院,黃久珍,2014/07/04,臺中市西區向上路一段21號
桃園市,桃獸師開執字第245號,獸醫師,開業,萌萌家動物醫院,黃彥融,2014/06/27,桃園市桃園區三民路2段254號
台北市,北市獸業字第475號,獸醫師,開業,文藝動物醫院,紀炳欽,2014/06/26,臺北市中山區民生東路1段87號地下1樓
台中市,中市獸醫開字第279號,獸醫師,開業,承美動物醫院,林家興,2014/06/24,臺中市北屯區文心路四段943號1樓
台南市,南市獸開字第147號,獸醫師,開業,友愛動物醫院,許永安,2014/06/24,臺南市中西區友愛街277號
新北市,新北獸醫業字第337號,獸醫師,開業,杏運草動物醫院,黃玲頤,2014/06/20,新北市中和區景平路489號1樓
高雄市,高市獸師開字第296號,獸醫師,開業,博新動物醫院,黃士彥,2014/06/17,高雄市鳳山區瑞順街147號1樓
嘉義縣,嘉府獸師開字第74號,獸醫師,開業,維醫動物醫院,蔡滎陽,2014/06/16,嘉義縣民雄鄉建國路二段148-6號
彰化縣,彰府農防師開字第133號,獸醫師,開業,全興動物醫院,許森富,2014/06/06,彰化市中正路2段256號
新北市,新北獸醫業字第336號,獸醫師,開業,藍世界鶯歌動物醫院,鄭湘穎,2014/06/05,新北市鶯歌區鶯桃路496號
台南市,南市獸開字第146號,獸醫師,開業,愛犬家動物醫院,陳昱良,2014/05/27,臺南市安南區怡安路1段84號
台北市,北市獸業字第474號,獸醫師,開業,紀劃犬貓專科醫院,周國雄,2014/05/23,臺北市中山區民生東路1段83號
高雄市,高市獸師開字第295號,獸醫師,開業,烏鐸動物醫院,張桂銘,2014/05/22,高雄市苓雅區中正一路139、141號
台南市,南市獸開字第145號,獸醫師,開業,惠祥動物醫院,李晃銘,2014/05/16,臺南市新營區新進路314-1號
新北市,新北獸醫業字第335號,獸醫師,開業,狄強生生技動物醫院,劉定捷,2014/05/14,新北市樹林區樹德街136巷16號1樓
宜蘭縣,府農畜字第1030071411號,獸醫師,開業,腳印動物醫院,卓玟伶,2014/05/08,宜蘭縣羅東鎮純精路一段25號
台北市,北市獸業字第472號,獸醫師,開業,景興動物醫院,朱育龍,2014/05/07,臺北市文山區景華街92號1樓
高雄市,高市獸師開字第294號,獸醫師,開業,純德動物醫院,李翰,2014/05/07,高雄市小港區宏平路372號
台南市,南市獸開字第144號,獸醫師,開業,我的動物醫院,林辰軒,2014/05/01,臺南市中西區和緯路5段235號
新竹市,竹市府產農字第980078672號,獸醫師,開業,渤海動物診所,吳政運,2014/05/01,新竹市東南街112號1樓
台中市,中市獸醫開字第278號,獸醫師,開業,長春動物醫院,黃柏儒,2014/04/24,台中市南屯區文心南二路447號
新北市,新北獸醫業字第334號,獸醫師,開業,胖皮動物醫院,李裕銘,2014/04/24,新北市蘆洲區復興路174號1樓
新竹縣,竹縣字第28號,獸醫師,開業,樂寶動物醫院,范嘉麟,2014/04/23,新竹縣竹北市自強北路50號
高雄市,高市獸師開字第293號,獸醫師,開業,左營動物醫院,郭獻文,2014/04/16,高雄市左營區左營大路437號
屏東縣,屏獸開字第106號,獸醫師,開業,安禾水產動物醫院,池陽廣,2014/04/08,屏東縣佳冬鄉六根村佳和路132-4號
新竹市,竹市府產農字第980078670號,獸醫師,開業,全美經國動物醫院,蕭迪元,2014/03/27,新竹市經國路3段6號
花蓮縣,府農漁開字第36號,獸醫師,開業,綠樁動物醫院,陳音竹,2014/03/20,花蓮縣花蓮市明禮路71-10號
新北市,新北獸醫業字第333號,獸醫師,開業,太僕動物醫院,魏辰熹,2014/03/20,新北市林口區文化一路一段102號
彰化縣,彰府農防師開字第132號,獸醫師,開業,酷牛動物醫院,蔡哲宇,2014/02/28,彰化縣溪湖鎮員鹿路3段198號
台中市,中市獸醫開字第277號,獸醫師,開業,艾利動物醫院,鄭美玉,2014/02/19,台中市西屯區惠中路二段41號
雲林縣,雲診字第90號,獸醫師,開業,宏興家畜診所,吳育懋,2014/02/14,雲林縣北港鎮民生路137號
台中市,中市獸醫開字第276號,獸醫師,開業,歐陽動物醫院,歐陽銘文,2014/01/29,台中市南屯區公益路二段632號
台北市,北市獸業字第470號,獸醫師,開業,臺北市流浪貓保護協會附設貓醫院,鄭秀信,2014/01/23,臺北市信義區信義路6段81號1樓
台南市,南市獸開字第141號,獸醫師,開業,齊川動物醫院,方偉仲,2014/01/23,臺南市東區崇善路486號
新北市,新北獸醫業字第331號,獸醫師,開業,藍世界動物醫院林口分院,詹翎芳,2014/01/21,新北市林口區中山路62號
高雄市,高市獸師開字第292號,獸醫師,開業,有村動物醫院,王純方,2014/01/15,高雄市鼓山區篤敬路1號
桃園市,桃獸師開執字第244號,獸醫師,開業,"陳獸醫院 中山北院",陳聖傑,2014/01/15,桃園市中山北路189號
彰化縣,彰府農防師開字第131號,獸醫師,開業,犬谷動物醫院,謝麗惠,2014/01/10,彰化縣溪湖鎮大突里地政路31號1樓
台南市,南市獸開字第140號,獸醫師,開業,安南動物診所,蕭鵬飛,2014/01/03,臺南市北區林森路3段112號
桃園市,桃獸師開執字第243號,獸醫師,開業,惟心動物醫院,賴震洋,2013/12/31,桃園市大興路207號1、2樓
新竹市,竹市府產農字第980078667號,獸醫師,開業,台大慈仁動物醫院,譚至仁,2013/12/24,新竹市北區武陵路2-1號
花蓮縣,府農漁開字第35號,獸醫師,開業,佳恩動物診所,楊國政,2013/12/20,花蓮縣光復鄉中興路568號
桃園市,桃獸師開執字第242號,獸醫師,開業,吉利動物醫院,葉宗錦,2013/12/16,桃園市楊梅區永美路502號1樓
台北市,北市獸業字第469號,獸醫師,開業,長宏動物醫院,吳家慶,2013/12/10,臺北市中山區吉林路173號1樓
新北市,新北獸醫業字第329號,獸醫師,開業,明滙動物醫院,葉宸濂,2013/12/02,新北市新店區安祥路104-7號GF
台北市,北市獸業字第467號,獸醫師,開業,阿牛犬貓急診醫院,邱張祺,2013/12/02,臺北市士林區文林路311號1樓
台北市,北市獸業字第468號,獸醫師,開業,景文動物醫院,張元炫,2013/11/29,臺北市文山區景文街29號1樓
南投縣,投府農畜師開字第29號,獸醫師,開業,華邦動物醫院,陳鏡正,2013/11/29,南投縣南投市信義街5巷42-1號
桃園市,桃獸師開執字第241號,獸醫師,開業,向陽動物醫院,孫培芳,2013/11/28,桃園市桃園區三民路三段579號
台北市,北市獸業字第466號,獸醫師,開業,汎亞動物醫院,張詠舜,2013/11/26,臺北市士林區承德路4段183號1樓
屏東縣,屏獸開字第105號,獸醫師,開業,屏安獸醫院,方美惠,2013/11/22,屏東市中山路61-12號
高雄市,高市獸師開字第291號,獸醫師,開業,幸安動物醫院,張純仁,2013/11/15,高雄市楠梓區楠梓路132號
新北市,新北獸醫業字第328號,獸醫師,開業,向陽動物醫院,黎俊伶,2013/11/15,新北市永和區民權路7號1樓
台中市,中市獸醫開字第274號,獸醫師,開業,碩恩動物醫院,韓碩恩,2013/11/13,台中市南區樹德里德祥街72號
台南市,南市獸開字第139號,獸醫師,開業,光微動物醫院,施柏丞,2013/11/08,臺南市新營區健康路32號
台北市,北市獸業字第465號,獸醫師,開業,全國動物醫院台北分院,李效唐,2013/11/06,臺北市內湖區舊宗路1段30巷13號1樓
台北市,北市獸業字第464號,獸醫師,開業,古德動物醫院,詹昇諭,2013/11/06,臺北市萬華區西園路2段194號
嘉義縣,嘉府獸師開字第73號,獸醫師,開業,民雄家畜醫院,吳信科,2013/11/05,嘉義縣民雄鄉中和村魚寮仔6鄰29號
屏東縣,屏獸開字第104號,獸醫師,開業,順昇動物醫院,黃英郁,2013/11/05,屏東縣新園鄉田洋村仙隆路363號
台中市,中市獸醫開字第272號,獸醫師,開業,貝比動物醫院,陳如渟,2013/10/16,台中市西屯區櫻花路128號
高雄市,高市獸師開字第290號,獸醫師,開業,佳園動物醫院,陳穗平,2013/10/15,高雄市彌陀區中正路14號
新北市,新北獸醫業字第327號,獸醫師,開業,伊凡動物醫院,楊維榮,2013/10/15,新北市中和區復興路300號1樓
屏東縣,屏獸開字第103號,獸醫師,開業,榮生動物醫院,王榮生,2013/10/14,屏東縣佳冬鄉萬建村忠信街426巷13號
高雄市,高市獸師開字第289號,獸醫師,開業,弘苑獸醫院,梅念祖,2013/10/07,高雄市岡山區介壽西路129號
雲林縣,雲診字第86號,獸醫師,開業,西螺程動物醫院,程文宏,2013/09/27,雲林縣西螺鎮漢光里平和南路378.380號
台中市,中市獸醫開字第270號,獸醫師,開業,南陽獸醫院,曾啟芳,2013/09/10,臺中市豐原區圓環東路299號壹樓
台中市,中市獸醫開字第271號,獸醫師,開業,佳群動物醫院,陳光輝,2013/09/10,台中市西屯區福雅路51號(含地下室)
高雄市,高市獸師開字第288號,獸醫師,開業,方濟動物醫院,葉毓凱,2013/09/09,高雄市苓雅區復興二路13-3號
台北市,北市獸業字第461號,獸醫師,開業,佳康動物醫院,文皓群,2013/09/09,臺北市內湖區康寧路3段169-1號1樓
台北市,北市獸業字第462號,獸醫師,開業,沐樂動物醫院,師維孝,2013/09/09,臺北市信義區忠孝東路4段559巷30號1樓
桃園市,桃獸師開執字第239號,獸醫師,開業,麗園動物醫院大園分院,吳翰忠,2013/08/27,桃園市大園區中正東路5號
台南市,南市獸開字第137號,獸醫師,開業,盼望動物醫院,李宗輝,2013/08/22,臺南市麻豆區中山路116號
南投縣,投府農畜師開字第28號,獸醫師,開業,大愛動物醫院,廖璿程,2013/08/19,南投縣草屯鎮博愛路407號
彰化縣,彰府農防師開字第130號,獸醫師,開業,運擎獸醫診所,傅愨風,2013/08/13,彰化縣埤頭鄉平原村華泰一街18號
台南市,南市獸開字第136號,獸醫師,開業,聖安動物醫院,王政賢,2013/08/08,臺南市柳營區柳營路1段518號
新竹市,竹市府產農字第980078665號,獸醫師,開業,淇寶寶動物醫院,黃婉琳,2013/08/02,新竹市光復路1段362-12號
新北市,新北獸醫業字第326號,獸醫師,開業,馨田動物醫院,李昱璇,2013/08/01,新北市土城區金城路二段388號
新北市,新北獸醫業字第325號,獸醫師,開業,藍世界泰山動物醫院,廖順晶,2013/07/29,新北市泰山區新北大道5段236號
台北市,北市獸業字第460號,獸醫師,開業,全國動物醫院公館分院,陳志屏,2013/07/25,臺北市中正區羅斯福路3段316巷9弄1號
台中市,中市獸醫開字第269號,獸醫師,開業,毛導動物醫院,徐晧程,2013/07/24,台中市北區健行路371號
彰化縣,彰府農防師開字第129號,獸醫師,開業,喬喬動物醫院,黃士維,2013/07/23,彰化縣和美鎮仁美路165號
桃園市,桃獸師開執字第238號,獸醫師,開業,美生動物醫院,謝佩文,2013/06/28,平鎮市環南路460之3號
桃園市,桃獸師開執字第237號,獸醫師,開業,台大安麗動物診所,趙明仁,2013/06/24,桃園市中山路956巷152弄9號
新北市,新北獸醫業字第324號,獸醫師,開業,昇昇動物醫院,林杏如,2013/06/20,新北市樹林區大雅路370號
桃園市,桃獸師開執字第236號,獸醫師,開業,樂米動物醫院,李文傑,2013/06/13,桃園市中正路637號
彰化縣,彰府農防師開字第128號,獸醫師,開業,盛安動物診所,蘇和梗,2013/06/11,彰化縣北斗鎮中山路1段260巷36弄16號
彰化縣,彰府農防師開字第127號,獸醫師,開業,佑旺動物醫院,陳格倫,2013/06/11,彰化縣員林鎮靜修東路53號
新北市,新北獸醫業字第252號,獸醫師,開業,青青動物醫院,呂彥青,2013/06/05,新北市三重區重新路三段31-3號1樓
台北市,北市獸業字第458號,獸醫師,開業,景美動物醫院,張聰錦,2013/05/15,臺北市文山區羅斯福路6段6號
台中市,中市獸醫開字第268號,獸醫師,開業,佑全動物醫院,王植觀,2013/05/03,台中市大雅區雅潭路4段668號
台北市,北市獸業字第457號,獸醫師,開業,伊甸動物醫院,高茂仁,2013/05/01,臺北市中山區北安路554巷33號1樓
台中市,中市獸醫開字第267號,獸醫師,開業,光佑動物醫院,蔡淑婷,2013/04/30,台中市太平區中興東路164號
台中市,中市獸醫開字第266號,獸醫師,開業,中山動物醫院,黃銘峰,2013/04/24,臺中市沙鹿區台灣大道七段1000號
台北市,北市獸業字第456號,獸醫師,開業,締爾動物醫院,尤思菁,2013/04/19,臺北市文山區木新路3段321號1樓
新北市,新北獸醫業字第323號,獸醫師,開業,全民連鎖動物醫院板橋院,葉宗明,2013/04/18,新北市板橋區文化路二段255號
台中市,中市獸醫開字第265號,獸醫師,開業,喵屋貓咪專科醫院,周春婷,2013/04/17,臺中市南屯區大墩17街125號
台南市,南市獸開字第135號,獸醫師,開業,力晨動物醫院,郭力瑋,2013/04/12,臺南市東區東光路2段78號
嘉義縣,嘉府獸師開字第72號,獸醫師,開業,欣欣動物醫院,陳亮源,2013/04/09,嘉義縣中埔鄉金蘭村2鄰4號
台北市,北市獸業字第455號,獸醫師,開業,杜瑪動物醫院,鍾昇樺,2013/04/01,臺北市北投區大業路541號1樓
金門縣,(102)疫政字第1號,獸醫師,開業,育宸動物醫院,許丕林,2013/04/01,金門縣金城鎮民族路219號
屏東縣,屏獸開字第99號,獸醫師,開業,泰豊動物醫院,黃俊智,2013/03/18,屏東市信義路141-1號
台中市,中市獸醫開字第264號,獸醫師,開業,瑞比動物醫院,劉硯羚,2013/03/15,台中市北屯區文心路四段690號
新竹市,竹市府產農字第980078659號,獸醫師,開業,康乃爾動物醫院,毛嘉慶,2013/03/15,新竹市北區武陵路16號1樓
新北市,新北獸醫業字第321號,獸醫師,開業,台大開心動物醫院,陳威旭,2013/03/15,新北市泰山區明志路一段317號
高雄市,高市獸師開字第287號,獸醫師,開業,馬達加斯加動物醫院,沈益成,2013/03/13,高雄市鳳山區中山東路105號
台南市,南市獸開字第134號,獸醫師,開業,躍犬動物醫院,黃朝成,2013/03/11,臺南市安平區民權路四段523號
高雄市,高市獸師開字第286號,獸醫師,開業,中興河堤動物醫院,黃明如,2013/03/08,高雄市三民區明吉路32號
南投縣,投府農畜師開字第26號,獸醫師,開業,心愛動物醫院,游家德,2013/03/08,南投縣草屯鎮太平路202號
南投縣,投府農畜師開字第27號,獸醫師,開業,大心動物醫院,陳嘉榮,2013/03/08,南投縣草屯鎮太平路2段188號
新北市,新北獸醫業字第320號,獸醫師,開業,廣福動物醫院,張譽耀,2013/03/08,新北市三重區自強路1段197號1樓
新北市,新北獸醫業字第319號,獸醫師,開業,重安動物醫院,魏家梅,2013/03/06,新北市三重區三和路三段20號
台北市,北市獸業字第454號,獸醫師,開業,星辰動物醫院,吳哲瑋,2013/03/06,臺北市信義區松隆路227號1樓及B1
台中市,中市獸醫開字第263號,獸醫師,開業,名芯動物醫院,徐一尹,2013/03/06,台中市大里區爽文路899號
高雄市,高市獸師開字第285號,獸醫師,開業,瑞雄動物醫院,高峯玉,2013/03/05,高雄市湖內區中山路一段584號
高雄市,高市獸師開字第284號,獸醫師,開業,謝老闆動物醫院,謝慈陽,2013/03/05,高雄市三民區哈爾濱街29號
高雄市,高市獸師開字第283號,獸醫師,開業,大眾動物醫院,陳鴻文,2013/02/25,高雄市岡山區大義二路72號
台東縣,東府獸師開字第17號,獸醫師,開業,心語動物醫院,劉正吉,2013/02/01,台東市中興路2段450巷12號1樓
新北市,新北獸醫業字第318號,獸醫師,開業,德欣動物醫院,許俊隆,2013/01/29,新北市三重區信義街4號
彰化縣,彰府農防師字第126號,獸醫師,開業,健潔犬貓診所,林巧君,2013/01/25,彰化縣田中鎮大社路1段317號
桃園市,桃獸師開執字第235號,獸醫師,開業,晨曦動物醫院,張偉政,2013/01/24,桃園市國際路二段194號
嘉義市,嘉市獸開字第89號,獸醫師,開業,康良寵物醫院,耿俊介,2013/01/24,嘉義市東區大雅路二段454號1樓
基隆市,基市獸開字第29號,獸醫師,開業,祥霖動物醫院,李威翔,2013/01/23,基隆市安樂區樂利二街62巷74號1樓
雲林縣,雲診字第88號,獸醫師,開業,長興動物醫院,楊長興,2013/01/21,雲林縣斗六市榴中里石榴路104之5號
台南市,南市獸開字第133號,獸醫師,開業,寵恩動物診所,吳明勳,2013/01/21,臺南市永康區民族路145巷87號
新竹縣,竹縣字第27號,獸醫師,開業,大千動物醫院,王文亮,2013/01/15,新竹縣竹北市成功八路128號
高雄市,高市獸師開字第282號,獸醫師,開業,昱康動物醫院,劉昱顯,2013/01/09,高雄市鳳山區博愛路107號
高雄市,高市獸師開字第281號,獸醫師,開業,文心動物醫院,周淑平,2013/01/04,高雄市楠梓區惠民路153號
新北市,新北獸醫業字第317號,獸醫師,開業,圓霖動物醫院,呂理印,2013/01/04,新北市林口區忠孝路372號
高雄市,高市獸師開字第280號,獸醫師,開業,明仁動物醫院,林旻遠,2012/12/22,高雄市三民區明哲路17號
高雄市,高市獸師開字第279號,獸醫師,開業,吉安動物醫院,許季芬,2012/12/21,高雄市鳳山區經武路346號
高雄市,高市獸師開字第278號,獸醫師,開業,三和台大動物醫院,梁明宗,2012/12/14,高雄市苓雅區光華一路23號
桃園市,桃獸師開執字第234號,獸醫師,開業,寵愛動物醫院,朱富程,2012/12/10,桃園市桃園區大興西路二段176號
彰化縣,彰府農防師開字第125號,獸醫師,開業,忠愛動物醫院田中院,楊智強,2012/12/06,彰化縣田中鎮員集路2段558號
高雄市,高市獸師開字第277號,獸醫師,開業,全國動物醫院高雄分院,陳怡銓,2012/11/20,高雄市左營區博愛三路500號1、2樓
屏東縣,屏獸開字第98號,獸醫師,開業,翔恩動物醫院,林鐘權,2012/11/20,屏東市武威街30號
苗栗縣,苗縣獸師開字第101036號,獸醫師,開業,銅鑼元宏獸醫診所,李元貴,2012/11/19,苗栗縣銅鑼鄉銅鑼村郵電街13號
台北市,北市獸業字第453號,獸醫師,開業,艋舺動物醫院,劉均凱,2012/11/13,臺北市萬華區萬大路365號1樓
基隆市,基府獸開字第2號,獸醫師,開業,仁愛家畜醫院,宋濬超,2012/11/13,基隆市忠四路8號
台中市,中市獸醫開字第262號,獸醫師,開業,愛普生動物醫院,李祥雲,2012/11/13,台中市大里區美群路46號1F及2F
花蓮縣,府農漁開字第33號,獸醫師,開業,祥和動物診所,鄭雲和,2012/11/09,花蓮縣瑞穗鄉瑞祥村祥北路二段148號
新北市,新北獸醫業字第316號,獸醫師,開業,提姆沃克動物醫院,朱家正,2012/11/07,新北市三重區中正北路23號1樓及2樓
台中市,中市獸醫開字第261號,獸醫師,開業,宏仁動物醫院,江季洧,2012/10/25,台中市清水區中華路442巷7號
桃園市,桃獸師開執字第233號,獸醫師,開業,達特馬動物醫院,馬維賢,2012/10/25,桃園市國際路一段1172號
高雄市,高市獸師開字第276號,獸醫師,開業,志寳動物醫院,柯志寳,2012/10/22,高雄市阿蓮區港後里港後路26-13號
台中市,中市獸醫開字第260號,獸醫師,開業,全科動物醫院,許文察,2012/10/19,台中市北屯區中清路99-29號
新北市,新北獸醫業字第315號,獸醫師,開業,安星動物醫院,楊彌青,2012/10/17,新北市土城區中央路2段8號1樓
新北市,新北獸醫業字第314號,獸醫師,開業,上品動物醫院,林上竣,2012/10/11,新北市中和區中山路2段167號
新北市,新北獸醫業字第313號,獸醫師,開業,唯仁動物醫院,唐伯龍,2012/10/09,新北市淡水區中正東路2段121號
苗栗縣,苗縣獸師開字第101035號,獸醫師,開業,後龍動物醫院,陳芸詩,2012/09/26,後龍鎮大庄里光華路432號
新竹市,竹市府產農字第980078651號,獸醫師,開業,安定動物醫院,張勝智,2012/09/21,新竹市東區建美路45號
台中市,中市獸醫開字第259號,獸醫師,開業,豐陽動物醫院,蔡忠翰,2012/09/21,台中市西區林森路96號
台東縣,東府獸師開字第16號,獸醫師,開業,寶佳動物醫院,陳瑀凡,2012/09/20,臺東市傳廣路107號
台中市,中市獸醫開字第258號,獸醫師,開業,胖胖動物醫院,李日榮,2012/09/18,台中市南區國光路58號
苗栗縣,苗縣獸師開字第101034號,獸醫師,開業,方舟動物醫院,陳其瑩,2012/09/17,苗栗縣竹南鎮大厝里24鄰國昌街205巷2號
新北市,新北獸醫業字第312號,獸醫師,開業,守護動物醫院,林志豪,2012/09/13,新北市新莊區中正路891-32號
桃園市,桃獸師開執字第217號,獸醫師,開業,藍世界動物醫院,周浩群,2012/08/29,龜山鄉忠義路二段519號
高雄市,高市獸師開字第275號,獸醫師,開業,蓋亞野生動物專科醫院,黃猷翔,2012/08/23,高雄市三民區建工路611號
桃園市,桃獸師開執字第232號,獸醫師,開業,綠崧動物醫院,胡宏文,2012/08/23,中壢市環中東路2段112號
台中市,中市獸醫開字第257號,獸醫師,開業,大原動物醫院,莊連鋒,2012/08/09,臺中市南屯區黎明路二段165號1樓
高雄市,高市獸師開字第274號,獸醫師,開業,勝杰動物醫院,杜杰憲,2012/07/25,高雄市苓雅區成功一路163號
彰化縣,彰府農防師開字第123號,獸醫師,開業,喜羊羊獸醫院,張維聖,2012/07/25,彰化縣芳苑鄉安家新村1街41號
彰化縣,彰府農防師開字第124號,獸醫師,開業,惟仁動物醫院,鄭淑文,2012/07/24,彰化縣溪湖鎮員鹿路2段570號
新北市,新北獸醫業字第311號,獸醫師,開業,上和動物醫院,黃國維,2012/07/18,新北市永和區福和路75號
高雄市,高市獸師開字第273號,獸醫師,開業,肯亞動物醫院,謝智龍,2012/07/09,高雄市鳳山區光復路一段26號
台南市,南市獸開字第130號,獸醫師,開業,全國動物醫院五期分院,邱翊隆,2012/07/03,台南市南區中華西路一段310號
高雄市,高市獸師開字第272號,獸醫師,開業,德洲動物醫院,郭權德,2012/07/02,高雄市苓雅區金門街84號
屏東縣,屏獸開字第97號,獸醫師,開業,鯨生動物醫院,錢興華,2012/06/26,屏東縣恆春鎮恆南路56-3號
台北市,北市獸業字第452號,獸醫師,開業,碩聯動物醫院,邱榮鐸,2012/06/20,臺北市大安區辛亥路2段143號1樓
彰化縣,彰府農防師開字第122號,獸醫師,開業,加恩動物醫院,鐘加文,2012/06/15,彰化縣員林鎮中正路150號
嘉義縣,嘉府獸師開字第71號,獸醫師,開業,普惠動物醫院,吳普惠,2012/06/14,嘉義縣水上鄉崎子頂27-52號
嘉義縣,嘉府獸師開字第70號,獸醫師,開業,汪汪動物醫院,林武結,2012/06/05,嘉義縣民雄鄉福樂村埤角1之20號
新北市,新北獸醫業字第310號,獸醫師,開業,家福動物醫院樹林店,詹英代,2012/05/25,新北市樹林區中華路6-3號
台北市,北市獸業字第447號,獸醫師,開業,台愛動物醫院,范振喬,2012/05/08,臺北市士林區中正路629號1樓
台北市,北市獸業字第448號,獸醫師,開業,維恩動物醫院,蔡岳群,2012/05/08,臺北市南港區東新街132號1樓
桃園市,桃獸師開執字第231號,獸醫師,開業,喜樂地動物醫院,邱奕貴,2012/04/30,蘆竹鄉大竹路319號
新北市,新北獸醫業字第309號,獸醫師,開業,馬達加斯加動物醫院,邱宗義,2012/04/26,新北市板橋區文化路二段500號1樓
宜蘭縣,宜縣獸業字第21號,獸醫師,開業,六福動物醫院,陳文平,2012/04/23,宜蘭市宜興路二段100號
嘉義縣,嘉府獸師開字第69號,獸醫師,開業,中丞動物醫院,紀宏蒼,2012/04/19,嘉義縣六腳鄉豐美村港尾寮185號
新北市,新北獸醫業字第308號,獸醫師,開業,獴獴加動物醫院,邱建竹,2012/04/11,新北市三重區重新路四段20號
花蓮縣,府農漁開字第32號,獸醫師,開業,永安動物醫院,池金雄,2012/04/11,花蓮縣吉安鄉永安村吉安路一段81號
台南市,南市獸開字第128號,獸醫師,開業,奇異果動物醫院,陳俊余,2012/04/03,臺南市安平區平通路377號
台南市,南市獸開字第127號,獸醫師,開業,巴斯德動物醫院,張峻豪,2012/04/03,臺南市中西區西賢街61號
台中市,中市獸醫開字第255號,獸醫師,開業,裕源動物醫院,蕭彰政,2012/04/02,台中市西區五權路2-199號
嘉義縣,嘉府獸師開字第68號,獸醫師,開業,東煌水產動物醫院,王東煌,2012/03/29,嘉義縣布袋鎮中安里中厝95號
桃園市,桃獸師開執字第228號,獸醫師,開業,湖光動物醫院,盧薏帆,2012/03/23,桃園市蘆竹區桃園街178號
桃園市,桃獸師開執字第227號,獸醫師,開業,元氣動物醫院南崁分院,黃俊展,2012/03/20,蘆竹鄉中正路352號
桃園市,桃獸師開執字第226號,獸醫師,開業,摩兒動物醫院,葉以淇,2012/03/17,龜山鄉文興路128號
新北市,新北獸醫業字第306號,獸醫師,開業,德興動物醫院,王柏森,2012/03/16,新北市蘆洲區長安街62號1樓
新北市,新北獸醫業字第248號,獸醫師,開業,北大奇緣動物醫院,林顯坤,2012/03/14,新北市三峽區民生街2-2號
新北市,新北獸醫業字第305號,獸醫師,開業,懷恩動物醫院,侯國斌,2012/03/14,新北市林口區文化二路1段88號
台北市,北市獸業字第446號,獸醫師,開業,傑翔動物醫院,張傑翔,2012/03/09,臺北市大同區民權西路270之2號
屏東縣,屏獸開字第96號,獸醫師,開業,愛心獸醫院,謝瑞春,2012/03/02,屏東縣恆春鎮山腳里恆南路105-1號
新北市,新北獸醫業字第212號,獸醫師,開業,邁德氏賽鴿專科醫院,簡福記,2012/03/01,新北市板橋區海山路11號1樓
新竹縣,竹縣字第26號,獸醫師,開業,東沅動物醫院,劉名鼎,2012/02/22,新竹縣關西鎮中山東路212號
台北市,北市獸業字第445號,獸醫師,開業,明誠動物醫院,向才園,2012/02/17,臺北市大安區瑞安街45號1樓
屏東縣,屏獸開字第95號,獸醫師,開業,安生動物醫院,陳有得,2012/02/13,屏東縣萬丹鄉和平西路36號
台中市,中市獸醫開字第253號,獸醫師,開業,馬汀動物醫院,陳柏都,2012/02/10,臺中市大里區中興路二段386-4號
台中市,中市獸醫開字第252號,獸醫師,開業,可米動物醫院,陳志名,2012/02/08,台中市北屯區大連路二段22號1樓(含地下室)
新北市,新北獸醫業字第303號,獸醫師,開業,毛孩子動物醫院,謝金偉,2012/01/19,新北市三重區福德北路71號
桃園市,桃獸師開執字第224號,獸醫師,開業,仰望動物醫院,陳孝傑,2012/01/17,桃園市莊二街75號
台北市,北市獸業字第443號,獸醫師,開業,大群動物醫院,陳泰良,2012/01/12,臺北市文山區羅斯福路6段206號1樓
台北市,北市獸業字第442號,獸醫師,開業,北投動物醫院,劉得煌,2012/01/12,臺北市北投區中央北路2段60-1號1樓
台中市,中市獸醫開字第251號,獸醫師,開業,聖愛動物醫院,劉孔龍,2012/01/06,台中市太平區中興路118-2號
台中市,中市獸醫開字第250號,獸醫師,開業,聖愛動物醫院大里分院,凌超凡,2012/01/06,台中市大里區中興路二段471號
嘉義市,嘉市獸開字第88號,獸醫師,開業,嘉樂動物醫院,陳信璋,2012/01/04,嘉義市民族路668號
新北市,新北獸醫業字第301號,獸醫師,開業,新店太僕動物醫院,朱百川,2012/01/02,新北市新店區北新路1段345號
屏東縣,屏獸開字第94號,獸醫師,開業,御犬水產動物醫院,林榮鏞,2011/12/26,屏東縣東港鎮中正路ㄧ段96號
台中市,中市獸醫開字第249號,獸醫師,開業,品品動物醫院,蘇品,2011/12/19,臺中市豐原區中山路157號
嘉義縣,嘉府獸師開字第67號,獸醫師,開業,大富動物醫院,羅富國,2011/12/14,嘉義縣太保市春珠里97-11號
台北市,北市獸業字第441號,獸醫師,開業,貝恩動物醫院,洪瑞隆,2011/12/14,臺北市松山區南京東路3段256巷55號
高雄市,高市獸師開字第270號,獸醫師,開業,永欣動物醫院,吳俊男,2011/12/13,高雄市楠梓區軍校路724號
台北市,北市獸業字第440號,獸醫師,開業,常源動物醫院,黃博源,2011/12/08,臺北市士林區德行東路189號1樓
台中市,中市獸醫開字第248號,獸醫師,開業,三三動物診所,陳榮凱,2011/12/07,臺中市梧棲區大庒里光復路28號
台中市,中市獸醫開字第247號,獸醫師,開業,洽昌動物醫院,林鶴陵,2011/11/30,臺中市沙鹿區中山路463巷1號
南投縣,投府農畜師開字第25號,獸醫師,開業,關懷動物醫院,陳家容,2011/11/28,南投縣草屯鎮敦和路50-4
彰化縣,彰府農防師開字第120號,獸醫師,開業,旺旺動物醫院,黃璽峰,2011/11/18,彰化市彰南路1段405號
台中市,中市獸醫開字第245號,獸醫師,開業,達爾文動物醫院,楊宗潔,2011/11/14,臺中市西區博館路157號
新北市,新北獸醫業字第298號,獸醫師,開業,六福動物醫院,李宣儒,2011/11/11,新北市板橋區文化路1段182號
高雄市,高市獸師開字第268號,獸醫師,開業,宇恩動物醫院,顏良澤,2011/11/10,高雄市前鎮區光華2路314號
嘉義市,嘉市獸開字第87號,獸醫師,開業,國立嘉義大學附設雲嘉南動物疾病診斷中心,郭鴻志,2011/11/09,嘉義市新民路580號
彰化縣,彰府農防師開字第119號,獸醫師,開業,傑生動物醫院,巫志傑,2011/11/07,彰化縣溪湖鎮員鹿路2段473號
嘉義縣,嘉府獸師開字第66號,獸醫師,開業,明安動物醫院,邱明安,2011/11/02,嘉義縣溪口鄉溪東村民生街95巷15號
屏東縣,屏獸開字第93號,獸醫師,開業,九如動物醫院,黃文堂,2011/10/27,屏東縣九如鄉五權路101號
台中市,中市獸醫開字第244號,獸醫師,開業,五福動物醫院,單黛安,2011/10/26,臺中市南區工學路13-10號
台中市,中市獸醫開字第243號,獸醫師,開業,凱文兄弟動物醫院,黃煜文,2011/10/24,臺中市南屯區文心南三路538號
高雄市,高縣獸醫開字第27號,獸醫師,開業,宏仁家畜醫院,黃瓊誼,2011/10/14,高雄市鳳山區五甲一路220號
台南市,南市獸開字第126號,獸醫師,開業,永明動物醫院,張弘文,2011/10/13,台南市永康區永明街65號
台北市,北市獸業字第438號,獸醫師,開業,松山動物醫院,陳炳旭,2011/10/06,臺北市信義區松山路275號
桃園市,桃獸師開執字第223號,獸醫師,開業,圓霖動物醫院八德分院,吳宗勲,2011/09/30,八德市介壽路二段1072號
新竹市,竹市府產農字第990049644號,獸醫師,開業,謙華動物醫院,歐千愉,2011/09/26,新竹市中華路二段224號
台南市,南市獸開字第125號,獸醫師,開業,七福動物醫院,吳莉涵,2011/09/22,臺南市安南區同安路128號
彰化縣,彰府農防師開字第117號,獸醫師,開業,馬汀動物醫院,蘇浚緯,2011/09/21,彰化市中正路2段751號
桃園市,桃獸師開執字第222號,獸醫師,開業,耐斯動物醫院,吳家劭,2011/09/19,中壢市環中東路189之1號
高雄市,高市獸師開字第267號,獸醫師,開業,悅生動物醫院,李英瑞,2011/09/07,高雄市左營區大中二路260號
高雄市,高縣獸醫開字第241號,獸醫師,開業,佳佳動物醫院,林廷昌,2011/09/07,高雄市岡山區仁義里岡山路33號
台北市,北市獸業字第437號,獸醫師,開業,湖光動物醫院,林雅哲,2011/09/06,臺北市大同區重慶北路3段138、140號
台南市,南市獸開字第124號,獸醫師,開業,馬克動物醫院,鄭永成,2011/08/26,臺南市新營區新東里27鄰東光街82巷18號
新北市,新北獸醫業字第52號,獸醫師,開業,寶護動物醫院,湯政道,2011/08/26,新北市林口區中山路281號1樓
台北市,北市獸業字第436號,獸醫師,開業,極光動物醫院,蔡仙瑩,2011/08/24,臺北市大安區建國南路2段31號
彰化縣,彰府農防師開字第116號,獸醫師,開業,寵物當家動物醫院,陳建榮,2011/08/24,彰化市中正路2段823號
嘉義市,嘉市獸開字第86號,獸醫師,開業,丸三動物醫院-博東總院,莊雯茹,2011/08/22,嘉義市博東路273號
高雄市,高市獸師開字第266號,獸醫師,開業,博仁動物醫院,王藏毅,2011/08/20,高雄市岡山區前鋒里公園西路三段92號
新北市,新北獸醫業字第294號,獸醫師,開業,尚格動物醫院,林沂嫻,2011/08/10,新北市中和區安平路200-1號
嘉義市,嘉市獸開字第85號,獸醫師,開業,高醫動物醫院興業分店,吳景煌,2011/08/05,嘉義市興業東路275號
台中市,中市獸醫開字第239號,獸醫師,開業,鄭獸醫院,鄭隆義,2011/08/01,臺中市西屯區中工三路66號
台中市,中市獸醫開字第238號,獸醫師,開業,彩虹動物醫院,曾喜暖,2011/07/22,臺中市國光路2段318號
台北市,北市獸業字第434號,獸醫師,開業,美國愛屋動物醫院,謝豐義,2011/07/14,臺北市松山區八德路4段520號1樓
台北市,北市獸業字第433號,獸醫師,開業,麟安動物醫院,江佳淵,2011/07/13,臺北市大安區和平東路3段324號
桃園市,桃獸師開執字第151號,獸醫師,開業,春天動物醫院,翁亦順,2011/07/08,桃園市三民路一段191號
彰化縣,彰府農防師開字第115號,獸醫師,開業,成愛動物醫院,張彩萍,2011/06/21,彰化縣鹿港鎮彰鹿路7段637號
新北市,新北獸醫業字第293號,獸醫師,開業,紐約紐約動物醫院,簡柏銓,2011/06/21,新北市板橋區文化路2段139號1樓
台南市,南市獸開字第123號,獸醫師,開業,全國動物醫院永康分院,吳宜儒,2011/06/13,臺南市永康區中華路103號2樓
桃園市,桃獸師開執字第138號,獸醫師,開業,大台北動物醫院,呂美齡,2011/06/13,桃園市桃園區永安路854號
台中市,中市獸醫開字第236號,獸醫師,開業,小熊犬醫院,林定紘,2011/06/13,臺中市豐原區中陽里16鄰圓環東路553號
嘉義縣,嘉府獸師開字第65號,獸醫師,開業,裕成動物醫院,許江蘇,2011/06/08,嘉義縣民雄鄉豐收村好收199號
台北市,北市獸業字第430號,獸醫師,開業,安心動物醫院,王仁潔,2011/06/02,臺北市文山區羅斯福路5段17號
新北市,新北獸醫業字第255號,獸醫師,開業,全國動物醫院環球分院,許展誠,2011/06/02,新北市中和區中山路3段122號1樓
桃園市,桃獸師開執字第153號,獸醫師,開業,慈愛動物醫院經國分院,黃敏銓,2011/06/01,桃園市經國路232號1樓
台南市,南市獸開字第121號,獸醫師,開業,王中蘭動物醫院,王中蘭,2011/05/31,臺南市學甲區仁德里1鄰建國路27-1號
台北市,北市獸業字第429號,獸醫師,開業,王樣動物醫院,王禎祥,2011/05/25,臺北市大安區金華街217號
台北市,北市獸業字第428號,獸醫師,開業,大直動物醫院,吳伊婷,2011/05/24,臺北市中山區北安路462號1樓
高雄市,高市獸師開字第264號,獸醫師,開業,藍天動物醫院,邱冠綾,2011/05/18,高雄市三民區北平一街175號
新北市,新北獸醫業字第291號,獸醫師,開業,禾米動物醫院,李健源,2011/05/13,新北市土城區金城路三段173號
苗栗縣,苗縣獸師開字第97032號,獸醫師,開業,東方獸醫院,徐慶宏,2011/05/12,苗栗市中正路72-1號
高雄市,高市獸師開字第263號,獸醫師,開業,柏林動物醫院,楊啟涼,2011/04/26,高雄市苓雅區苓雅一路31號一、二樓
台北市,北市獸業字第426號,獸醫師,開業,全民連鎖動物醫院信義院,張國彬,2011/04/25,臺北市大安區信義路4段406、408號1、2樓
台南市,南市獸開字第120號,獸醫師,開業,台灣嘉南動物醫院,黃士維,2011/04/20,臺南市北區長榮路5段425號
台中市,中市獸醫開字第235號,獸醫師,開業,安可動物醫院,黃應晴,2011/04/20,臺中市太平區太平路643號
台北市,北市獸業字第425號,獸醫師,開業,成功動物醫院,姜家麟,2011/04/18,臺北市中山區天祥路3號1樓
台北市,北市獸業字第424號,獸醫師,開業,小小貓咪動物醫院,徐綺羚,2011/04/15,臺北市中山區北安路458巷47弄10號1樓
高雄市,高市獸師開字第262號,獸醫師,開業,德民動物醫院,林協興,2011/04/14,高雄市楠梓區德民路208號
高雄市,高市獸師開字第261號,獸醫師,開業,樂活動物醫院,陳秋妹,2011/04/14,高雄市苓雅區同慶路108號
桃園市,桃獸師開執字第150號,獸醫師,開業,中山動物醫院中正分院,林建良,2011/04/14,中壢市延平路583號
彰化縣,彰府農防師開字第112號,獸醫師,開業,慧光動物醫院,吳倍宜,2011/04/12,彰化市四維路69巷38號
彰化縣,彰府農防師開字第111號,獸醫師,開業,福來(Fly)動物醫院,吳文祥,2011/04/08,彰化縣員林鎮浮圳路2段352之1號
彰化縣,彰府農防師開字第110號,獸醫師,開業,普維動物醫院,徐宏仁,2011/04/06,彰化縣二林鎮後厝里五權街13號
高雄市,高市獸師開字第260號,獸醫師,開業,新民動物醫院,連治明,2011/03/23,高雄市鳳山區新富路326號
澎湖縣,府授畜防字第1003900011號,獸醫師,開業,米克斯的動物醫院,洪旭峰,2011/03/21,澎湖縣白沙鄉講美村138-1號
新北市,新北獸醫業字第290號,獸醫師,開業,愛達司動物醫院,陳稚文,2011/03/21,新北市新店區中興路一段261號
新北市,新北獸醫業字第289號,獸醫師,開業,日祥動物醫院,李佳陵,2011/03/16,新北市林口區竹林路17號
基隆市,基市獸開字第28號,獸醫師,開業,汪汪寶貝動物醫院,周佑羿,2011/03/03,基隆市信義區深溪路130號1樓
台中市,中市獸醫開字第232號,獸醫師,開業,福樂動物醫院,郭育霖,2011/02/25,臺中市西屯區大隆路149號
高雄市,高市獸師開字第259號,獸醫師,開業,中興農十六動物醫院,古峰豪,2011/02/23,高雄市鼓山區大順一路935號
高雄市,高市獸師開字第258號,獸醫師,開業,統一動物醫院,康景億,2011/02/21,高雄市梓官區赤西里6鄰赤崁南路136號
台北市,北市獸業字第419號,獸醫師,開業,北安動物醫院,陳威達,2011/02/18,臺北市中山區北安路642號1樓
台北市,北市獸業字第420號,獸醫師,開業,中山動物醫院內湖分院,余鎧宏,2011/02/18,臺北市內湖區文德路93號1樓
桃園市,桃獸師開執字第197號,獸醫師,開業,宥昇動物醫院,何彥麟,2011/02/16,桃園市民族路97號
高雄市,高市獸師開字第255號,獸醫師,開業,加康動物醫院,向恆逸,2011/02/10,高雄市三民區覺民路524號
高雄市,高市獸師開字第257號,獸醫師,開業,阿宅動物醫院,歐陽斌,2011/02/07,高雄市前鎮區正勤路9號
新北市,新北獸醫業字第288號,獸醫師,開業,麗園動物醫院八里分院,林盈勳,2011/02/01,新北市八里區中山路二段421號1樓
彰化縣,彰府農防師開字第108號,獸醫師,開業,振森動物診所,張書瑋,2011/01/28,彰化縣二林鎮斗苑路4段241號
新北市,新北獸醫業字第286號,獸醫師,開業,新莊太僕動物醫院,籃俊偉,2011/01/27,新北市新莊區中正路853號
新北市,新北獸醫業字第285號,獸醫師,開業,藍世界動物醫院,姜臺生,2011/01/27,新北市樹林區中正路506號
台中市,中市獸醫開字第218號,獸醫師,開業,諾德動物醫院,呂柏賢,2011/01/12,台中市青海路二段207-2號
台北市,北市獸業字第416號,獸醫師,開業,101台北貓醫院,陳千雯,2011/01/12,臺北市中山區建國北路3段101號
嘉義縣,嘉府獸師開字第64號,獸醫師,開業,凱悅動物醫院,林怡孜,2011/01/11,嘉義縣民雄鄉三興村南華路2段76號
高雄市,高市獸師開字第236號,獸醫師,開業,高雄市動物保護處,徐榮彬,2011/01/01,高雄市鳳山區忠義街166號
高雄市,高市獸師開字第254號,獸醫師,開業,佰成動物醫院,吳玟軒,2010/12/23,高雄市大寮區鳳林三路674號
新竹縣,竹縣字第25號,獸醫師,開業,博恩動物醫院,莊博智,2010/12/15,新竹縣竹北市科大一路286號
台北市,北市獸業字第413號,獸醫師,開業,明德動物醫院,葉俊沐,2010/12/13,臺北市北投區明德路115號1樓
高雄市,高縣獸醫開字第383號,獸醫師,開業,家和動物醫院,楊周樺,2010/11/25,高雄市橋頭區隆豐路223號
雲林縣,雲診字第85號,獸醫師,開業,誠浩動物醫院,周鉦浩,2010/11/19,雲林縣斗南鎮西歧里建國一路55號
桃園市,桃獸師開執字第219號,獸醫師,開業,普羅動物醫院,梁文雯,2010/11/19,桃園市中山路928號
台中市,中縣畜開字第144號,獸醫師,開業,普羅旺斯動物醫院,朱峻範,2010/11/09,豐原區圓環南路235號
花蓮縣,府農漁開字第31號,獸醫師,開業,和平動物診所,李秋吉,2010/11/08,花蓮縣玉里鎮和平路60號
基隆市,基市獸開字第27號,獸醫師,開業,東尚動物醫院,林立,2010/10/26,基隆市東明路159號
新北市,北縣獸醫業字第282號,獸醫師,開業,四季動物醫院,黃玠晟,2010/10/22,新北市淡水區民族路33巷16-19號1樓
台中市,中市獸醫開字第207號,獸醫師,開業,凡賽爾賽鴿動物醫院,張能輝,2010/10/20,台中市西屯區台灣大道三段292號
高雄市,高市獸師開字第253號,獸醫師,開業,信安動物醫院,張家群,2010/10/14,高雄市前鎮區鎮北里前鎮街101號
雲林縣,雲診字第84號,獸醫師,開業,佑安動物醫院,潘秋婉,2010/10/12,雲林縣斗六市永安路110號
高雄市,高縣獸醫開字第379號,獸醫師,開業,安心動物醫院,吳忠憲,2010/09/30,高雄市鳳山區武慶二路74號
新竹市,竹市府產農字第990049638號,獸醫師,開業,新竺動物醫院,劉珮綸,2010/09/27,新竹市竹光路98號
新北市,北縣獸醫業字第281號,獸醫師,開業,集賢愛生動物醫院,楊振墉,2010/09/24,新北市三重區集賢路40號及42號1樓
台南市,南市獸開字第119號,獸醫師,開業,豪斯動物醫院,黃少谷,2010/09/23,臺南市北區文賢路1086號
台北市,北市獸業字第411號,獸醫師,開業,艾爾瑪動物醫院,林欣怡,2010/09/17,臺北市信義區仁愛路4段452巷8號1樓
台南市,南縣獸師診開字第189號,獸醫師,開業,大群動物醫院,謝豐舟,2010/09/17,台南市麻豆區保安里8鄰文昌路17-5號
桃園市,桃獸師開執字第216號,獸醫師,開業,聖愛動物醫院,高曉農,2010/08/18,桃園市大有路445號1樓
新北市,北縣獸醫業字第278號,獸醫師,開業,耕莘動物醫院,馬瞻,2010/08/18,新北市新店區光明街157號1樓
台北市,北市獸業字第410號,獸醫師,開業,愛狗園動物醫院,林佳靜,2010/08/18,臺北市大安區基隆路2段124號
新北市,北縣獸醫業字第277號,獸醫師,開業,喬伊寵物醫院,楊贊育,2010/08/10,"新北市新店區 中興里檳榔路9號"
高雄市,高市獸師開字第252號,獸醫師,開業,富恩動物醫院,簡世鑫,2010/08/02,高雄市鼓山區文忠路135號
台北市,北市獸業字第264號,獸醫師,開業,洪生動物醫院,廖陳胤,2010/08/02,臺北市南港區忠孝東路7段571號1樓
基隆市,基市獸開字第26號,獸醫師,開業,汎汶動物醫院,黃忠志,2010/08/01,"基隆市仁四路17之1 號"
桃園市,桃獸師開執字第214號,獸醫師,開業,思邁爾動物醫院中壢分院,施亮煒,2010/07/30,中壢市環北路562號
台南市,南市獸開字第118號,獸醫師,開業,勝立動物醫院,侯佳慧,2010/07/26,台南市勝利路391號
台中市,中市獸醫開字第231號,獸醫師,開業,加諾動物醫院,張琪玟,2010/07/21,臺中市西屯區太原路一段211號
雲林縣,雲診字第82號,獸醫師,開業,湯姆貓動物醫院,洪國晉,2010/07/15,雲林縣虎尾鎮院前街18號
苗栗縣,苗縣獸師開字第97031號,獸醫師,開業,波比寵物專科診所,莊孟修,2010/07/12,竹南鎮光復路436號
台中市,中市獸醫開字第230號,獸醫師,開業,全邑動物醫院,黃兆銓,2010/07/09,臺中市北區德化街227號
桃園市,桃獸師開執字第166號,獸醫師,開業,圓霖動物醫院新生分院,王璿雯,2010/07/07,桃園市中壢區新生路286號
新北市,北縣獸醫業字第274號,獸醫師,開業,智遇動物醫院,蔡文智,2010/07/06,新北市汐止區明峰街39號1樓、B1
桃園市,桃獸師開執字第86號,獸醫師,開業,天一動物醫院,陳英偉,2010/07/06,桃園市中壢區中華路一段426號
新北市,北縣獸醫業字第273號,獸醫師,開業,鶯歌奇緣動物醫院,曾伊徵,2010/07/05,新北市鶯歌區光明街24號
高雄市,高市獸師開字第251號,獸醫師,開業,微笑動物醫院,蔡畯吉,2010/06/28,高雄市新興區七賢一路462號
桃園市,桃獸師開執字第213號,獸醫師,開業,圓霖動物醫院,鄭宏均,2010/06/28,桃園市中正路836號
屏東縣,屏獸開字第91號,獸醫師,開業,里鴻賽鴿水產動物綜合醫院,尤薪泓,2010/06/24,屏東縣里港鄉鐵店路34-13號
台南市,南市獸開字第117號,獸醫師,開業,詹姆斯動物醫院,李芝穎,2010/06/18,台南市南門路179-4號
台中市,中市獸醫開字第229號,獸醫師,開業,心美動物醫院,余永元,2010/06/15,臺中市南屯區文心路一段372號
嘉義縣,嘉府獸師開字第63號,獸醫師,開業,鴻昌動物醫院,王鴻昌,2010/06/07,嘉義縣民雄鄉建國路2段185-13號
新北市,北縣獸醫業字第272號,獸醫師,開業,台大文仁動物醫院,張峰瑞,2010/06/02,新北市板橋區篤行路三段64號1樓
台北市,北市獸業字第405號,獸醫師,開業,維康動物醫院,林念儀,2010/05/27,臺北市內湖區成功路3段150號1樓
台北市,北市獸業字第406號,獸醫師,開業,加生動物醫院,廖柏松,2010/05/27,臺北市北投區石牌路1段95號1樓
台中市,中市獸醫開字第228號,獸醫師,開業,哈佛動物醫院,賴彥呈,2010/05/26,臺中市南屯區豐樂里20鄰文心南三路691號
高雄市,高市獸師開字第249號,獸醫師,開業,佳醫動物醫院,陳文淯,2010/05/21,高雄市楠梓區德民路970號
苗栗縣,苗縣獸開字第97030號,獸醫師,開業,通霄獸醫院,張克世,2010/05/21,通霄鎮福德路5號
台中市,中縣畜開字第142號,獸醫師,開業,星光動物醫院,何宗錩,2010/05/17,台中市龍井區遊園南路277號
台北市,北市獸業字第404號,獸醫師,開業,新亞動物醫院,張大芃,2010/05/13,臺北市松山區延壽街390號1樓
台北市,北市獸業字第402號,獸醫師,開業,全民連鎖動物醫院總院,李美玲,2010/05/11,臺北市大同區民生西路247、249號1、2樓
台中市,中縣畜開字第141號,獸醫師,開業,聖愛動物醫院仁化店,陳秀珠,2010/05/10,台中市大里區仁化路770號
彰化縣,彰府農防師開字第106號,獸醫師,開業,耐久能賽鴿醫院,張偉忠,2010/05/04,彰化縣員林鎮中山路2段277巷49號
新北市,北縣獸醫業字第271號,獸醫師,開業,愛馨動物醫院,何丞剛,2010/05/03,新北市瑞芳區一坑路32-3號1樓
台北市,北市獸業字第399號,獸醫師,開業,恩典動物醫院,朱淵源,2010/04/29,臺北市中山區民生東路2段45號1樓及2樓
台南市,南市獸開字第116號,獸醫師,開業,仁美動物醫院,陳建禎,2010/04/15,臺南市北區北安路1段271號
台北市,北市獸業字第398號,獸醫師,開業,廣慈動物醫院,張坤銘,2010/04/06,臺北市中山區錦州街371號1樓
台北市,北市獸業字第395號,獸醫師,開業,長沁動物醫院,張婷婷,2010/04/01,臺北市大同區重慶北路3段17號
台南市,南縣獸師診開字第187號,獸醫師,開業,柯建章動物醫院,柯建章,2010/03/30,台南市仁德區中正西路20號
台北市,北市獸業字第394號,獸醫師,開業,恩旺動物醫院,關宇瑔,2010/03/29,臺北市中正區羅斯福路2段7-4號
高雄市,高市獸師開字第248號,獸醫師,開業,捷飛達動物醫院,陳俊傑,2010/03/29,高雄市左營區榮總路396號
嘉義市,嘉市獸開字第83號,獸醫師,開業,丸三動物醫院－仁愛分院,朱信遠,2010/03/22,嘉義市仁愛路236號
台北市,北市獸業字第393號,獸醫師,開業,康廷動物醫院,廖建洋,2010/03/22,台北市中正區寧波西街88號1樓
高雄市,高市獸師開字第247號,獸醫師,開業,心心動物診所,蕭承浩,2010/03/12,高雄市左營區博愛二路202號
高雄市,高縣獸醫開字第369號,獸醫師,開業,吉祥動物醫院,楊哲豪,2010/03/05,高雄市仁武區大灣里八德南路576號
台北市,北市獸業字第391號,獸醫師,開業,安興動物醫院,吳致銓,2010/02/26,臺北市信義區吳興街478號1樓
台中市,中市獸醫開字第227號,獸醫師,開業,沐恩動物醫院,賴建宏,2010/02/23,臺中市北區健行路865號
嘉義縣,嘉府獸師開字第61號,獸醫師,開業,東盟獸醫院,蔡泳得,2010/02/02,嘉義縣布袋鎮興中里博愛1街
台北市,北市獸業字第390號,獸醫師,開業,品安動物醫院,陳厚安,2010/01/25,臺北市文山區羅斯福路6段89號1樓
苗栗縣,苗縣獸開字第97029號,獸醫師,開業,日上動物醫院,羅杲圭,2010/01/14,公館鄉通明街30號
台中市,中市獸醫師開字第66號,獸醫師,開業,興緣動物醫院,林國欽,2009/12/30,台中市西區五廊街63號
高雄市,高縣獸醫開字第364號,獸醫師,開業,旺旺動物醫院,王琇賢,2009/12/23,高雄市旗山區延平一路351號
台北市,北市獸業字第389號,獸醫師,開業,聖地牙哥動物醫院,李安琪,2009/12/04,臺北市大安區羅斯福路3段65號3樓之1
屏東縣,屏獸開字第90號,獸醫師,開業,上恩動物醫院,黃毓慧,2009/11/20,屏東市建豐路181號
基隆市,基市獸開字第24號,獸醫師,開業,小太陽動物醫院,吳中勇,2009/11/16,基隆市成功二路171號1樓及地下一樓
台北市,北市獸業字第388號,獸醫師,開業,納嘉動物醫院,楊世鴻,2009/10/29,臺北市內湖區成功路5段55號1樓
新北市,北縣獸醫業字第269號,獸醫師,開業,來來動物醫院,張康銘,2009/10/21,中和區德光路29號
雲林縣,雲診字第32號,獸醫師,開業,斗六動物醫院,劉善評,2009/10/09,雲林縣斗六市雲林路一段82號
新竹市,竹市府產農字第980049632號,獸醫師,開業,紐約動物醫院,陳玉霖,2009/10/01,新竹市民族路247號
高雄市,高市獸師開字第245號,獸醫師,開業,尚大動物醫院,陳泰霖,2009/09/25,高雄市小港區大鵬路166號
桃園市,桃獸師開執字第209號,獸醫師,開業,東昇動物醫院,黃莉,2009/09/25,楊梅鎮新成路109號
台中市,中市獸醫開字第217號,獸醫師,開業,全國動物醫院七期分院,鄭玉津,2009/09/24,台中市南屯區五權西路二段207號
桃園市,桃獸師開執字第208號,獸醫師,開業,寶慶動物醫院,李後杉,2009/09/08,桃園市寶慶里14鄰寶慶路286號
台南市,南縣獸師診開字第185號,獸醫師,開業,慈愛動物醫院大灣分院,周業華,2009/09/03,台南市永康區大灣路770-2號
嘉義縣,嘉府獸師開字第60號,獸醫師,開業,溫哥華賽鴿動物醫院,江智勇,2009/09/01,嘉義縣太保市中山路1段75號
台南市,南市獸開字第54號,獸醫師,開業,慈愛動物醫院小北分院,鄭文欽,2009/08/26,台南市西門路四段440號
台南市,南市獸開字第80號,獸醫師,開業,慈愛動物醫院海佃分院,葉英俊,2009/08/26,台南市安南區海佃路一段64號之1
屏東縣,屏獸開字第89號,獸醫師,開業,佳犬家畜醫院,龔蜀屏,2009/08/18,屏東縣長治鄉崙上村光華巷68-5號
台中市,中市獸醫開字第226號,獸醫師,開業,鑫鑫動物醫院,林鋐鑫,2009/08/17,臺中市中區中華里中華路一段112號
新北市,北縣獸醫業字第264號,獸醫師,開業,樂活動物醫院,楊博俊,2009/07/22,新北市永和區中興街107號1樓
新竹市,竹市府產農字第980078630號,獸醫師,開業,風城動物醫院,許幸宗,2009/06/20,新竹市中華路4段32號
台中市,中縣畜開字第139號,獸醫師,開業,家安動物醫院,傅啟嘉,2009/06/17,東勢區新豐街34號
台中市,中市獸醫開字第224號,獸醫師,開業,威爾斯動物醫院北屯分院,張齡徽,2009/05/27,臺中市北屯區崇德路二段281號
高雄市,高市獸師開字第242號,獸醫師,開業,十銓動物醫院,金昇輝,2009/05/26,高雄市三民區十全二路99號
新北市,北縣獸醫業字第262號,獸醫師,開業,正吉動物醫院,呂育臣,2009/05/15,新北市中和區安樂路23號1樓
新北市,北縣獸醫業字第261號,獸醫師,開業,名星動物醫院,張惠致,2009/05/13,新北市中和區景平路591號1樓
台中市,中市獸醫開字第223號,獸醫師,開業,華碩動物醫院,廖彥華,2009/05/12,臺中市西區中興里1鄰向上路一段126號
台中市,中縣畜開字第138號,獸醫師,開業,安澤動物醫院,王聰敏,2009/05/11,大甲區新美里光明路281巷32號
台南市,南縣獸師診開字第184號,獸醫師,開業,大愛動物醫院,陸宗廷,2009/04/27,台南市歸仁區中山路3段146號
新北市,北縣獸醫業字第260號,獸醫師,開業,上哲動物醫院沙崙店,陳經國,2009/04/22,淡水區沙崙路6號1樓
桃園市,桃獸師開執字第205號,獸醫師,開業,環東動物醫院,何炳松,2009/04/20,桃園市中壢區環中東路110號
桃園市,桃獸師開執字第204號,獸醫師,開業,中壢太樸動物醫院,曾羿瑞,2009/04/09,桃園市中壢區中北路51號
新北市,北縣獸醫業字第259號,獸醫師,開業,明佳動物醫院,鄭宇光,2009/04/06,新北市中和區宜安路125號1樓
花蓮縣,府農漁開字第27號,獸醫師,開業,慶豐動物醫院,陳主恩,2009/03/23,花蓮縣吉安鄉慶豐村吉安路二段320號
嘉義縣,嘉府獸師開字第59號,獸醫師,開業,仁愛動物醫院,李鴻輝,2009/03/16,嘉義縣東石鄉蔦松村10鄰湖底路20-39號
台北市,北市獸業字第382號,獸醫師,開業,安庭動物醫院,陳宏盈,2009/03/12,臺北市大安區金山南路2段139號1樓及地下1樓
桃園市,桃獸師開執字第203號,獸醫師,開業,新時代動物醫院,林明聰,2009/03/10,桃園市蘆竹區中正路337號
嘉義市,嘉市獸開字第82號,獸醫師,開業,名門動物醫院,郭彥博,2009/03/09,嘉義市中正路334號
台南市,南市獸開字第114號,獸醫師,開業,中美獸醫院和緯院,簡肇儀,2009/03/06,台南市北區和緯路2段231號
新北市,北縣獸醫業字第258號,獸醫師,開業,剛果動物醫院,邱新育,2009/03/06,新北市新店區民權路48號6樓
台北市,北市獸業字第380號,獸醫師,開業,永春動物醫院,張逸紳,2009/02/27,臺北市信義區忠孝東路5段424號1樓
彰化縣,彰府農防師開字第104號,獸醫師,開業,明興動物醫院,劉武雄,2009/02/26,彰化縣員林鎮萬年里(巷)50弄A21號
高雄市,高市獸師開字第240號,獸醫師,開業,健生動物醫院,唐志煌,2009/02/09,高雄市前鎮區一心一路275號
高雄市,高市獸師開字第241號,獸醫師,開業,立宏動物醫院,林彥廷,2009/02/09,高雄市三民區大豐二路290號
宜蘭縣,宜縣獸業字第20號,獸醫師,開業,挪亞動物醫院,陳永森,2009/01/23,宜蘭縣羅東鎮純精路一段223號
新北市,北縣獸醫業字第254號,獸醫師,開業,晶華動物醫院,徐愛明,2009/01/17,永和區中正路185號2樓
嘉義市,府建農字第2號,獸醫師,開業,中華動物醫院,李麗屏,2009/01/16,嘉義西區民生北路143號
台中市,中縣畜開字第136號,獸醫師,開業,新東南動物醫院,廖建隆,2009/01/15,大里區中興路1段316-5號
新北市,北縣獸醫業字第253號,獸醫師,開業,可麗兒動物醫院,吳松田,2009/01/10,新北市土城區中央路2段20之1號1樓
台中市,中縣畜開字第135號,獸醫師,開業,協和動物醫院,孫桂珍,2008/12/23,大甲區中山路1段825-6號
高雄市,高市獸師開字第238號,獸醫師,開業,莒光動物醫院,郭俊文,2008/12/22,高雄市楠梓區加昌路849-851號
桃園市,桃獸師開執字第200號,獸醫師,開業,立仁動物醫院,王勝昌,2008/12/15,桃園市八德區公園路30號
苗栗縣,苗縣獸開字第97027號,獸醫師,開業,安達動物醫院,涂賢達,2008/12/11,頭份鎮田寮里南田街115號
桃園市,桃獸師開執字第198號,獸醫師,開業,振愛動物醫院,黃俊諺,2008/12/03,桃園市中壢區龍東路188號
新北市,北縣獸醫業字第251號,獸醫師,開業,同伴動物醫院,歐陽夢澍,2008/12/03,新北市永和區福和路316-1號
台中市,中縣畜開字第22號,獸醫師,開業,家旭動物醫院,陳徐志政,2008/11/28,霧峰區中正路767-9號
桃園市,桃獸師開執字第196號,獸醫師,開業,圓霖動物醫院中山分院,陳俊源,2008/11/25,桃園市中壢區中山東路2段16號
桃園市,桃獸師開執字第195號,獸醫師,開業,人人動物醫院埔心分院,吳俊瑩,2008/11/24,楊梅鎮埔心里永美路274號
台南市,南縣獸師診開字第182號,獸醫師,開業,邦尼動物醫院,林政翰,2008/11/20,台南市永康區永二街399號
台南市,南縣獸師診開字第181號,獸醫師,開業,摩西動物醫院,王宏文,2008/11/20,台南市新化區大新路15號
台南市,南縣獸師診開字第180號,獸醫師,開業,飛揚動物醫院,李飛憲,2008/11/18,台南市白河區中山路2-10號
新北市,北縣獸醫業字第225號,獸醫師,開業,林口動物醫院,許相瑞,2008/11/17,新北市林口區中正路496號1樓
雲林縣,雲診字第79號,獸醫師,開業,奇恩動物醫院,許家慧,2008/11/14,北港鎮大同路149號
台中市,中市獸醫開字第222號,獸醫師,開業,百科動物醫院,李振銘,2008/11/11,台中市西區忠明南路223號
台中市,中縣畜開字第134號,獸醫師,開業,聖安動物醫院,柯政白,2008/11/05,潭子區中山路1段17-5號
南投縣,投府農畜師開字第24號,獸醫師,開業,長興動物醫院,蘇茂寅,2008/10/29,南投縣草屯鎮太平路二段137號
台中市,中市獸醫開字第221號,獸醫師,開業,金生動物醫院,石金生,2008/10/24,台中市南屯區大墩路671號1樓
台北市,北市獸業字第139號,獸醫師,開業,富康動物醫院,董學康,2008/10/17,臺北市大安區建國南路1段298號1樓
屏東縣,屏獸開字第88號,獸醫師,開業,愛生動物醫院,周明藝,2008/10/14,屏東市安鎮里大興路24號
新竹縣,竹縣字第22號,獸醫師,開業,傑克動物醫院,游昌智,2008/10/09,新竹縣竹北市文信路81號
高雄市,高縣獸醫開字第351號,獸醫師,開業,東林動物醫院,楊清文,2008/09/26,高雄市鳳山區鳳東路373號
台中市,中縣畜開字第132號,獸醫師,開業,城鄉動物醫院,周文浩,2008/09/23,龍井區遊園南路97號
台北市,北市獸業字第379號,獸醫師,開業,勝利動物醫院,詹勝利,2008/09/08,臺北市內湖區康樂街116之2號1樓
高雄市,高縣獸醫開字第350號,獸醫師,開業,全宏動物醫院,周岳宏,2008/09/08,高雄市鳳山區五甲二路135號
桃園市,桃獸師開執字第193號,獸醫師,開業,花客隆動物醫院,陳紫渝,2008/09/08,桃園市永安路348號
新北市,北縣獸醫業字第249號,獸醫師,開業,新北動物醫院,林建良,2008/09/02,新北市汐止區大同路二段456號1樓
台中市,中市獸醫開字第219號,獸醫師,開業,全國貓醫院,覃世芳,2008/08/27,台中市北區進化北路162號
台北市,北市獸業字第378號,獸醫師,開業,佳恩動物醫院,楊佳麟,2008/08/07,臺北市內湖區成功路3段117號1樓
高雄市,高縣獸醫開字第348號,獸醫師,開業,鈞富家畜診所,陳鈞富,2008/07/25,高雄市美濃區吉東里上九寮1-3號
台南市,南縣獸師診開字第176號,獸醫師,開業,聯心動物醫院,蘇峰祺,2008/07/25,台南市永康區中華路714號
新竹縣,竹縣字第21號,獸醫師,開業,安和動物醫院,廖瓏峻,2008/07/18,新竹縣湖口鄉成功路186號
台中市,中市獸醫開字第216號,獸醫師,開業,全國動物醫院北全分院,鄧炳池,2008/07/14,台中市北屯區北屯路220號
高雄市,高市獸師開字第233號,獸醫師,開業,寶貝動物醫院,黃朝慶,2008/06/19,高雄市鼓山區九如四路1175號
新北市,北縣獸醫業字第247號,獸醫師,開業,眾新動物醫院,盧平,2008/06/17,新北市汐止區新興路8號1樓
新北市,北縣獸醫業字第246號,獸醫師,開業,中日動物醫院,陳怡宏,2008/06/12,新北市中和區中山路三段2號1樓
台北市,北市獸業字第10號,獸醫師,開業,博愛動物醫院,林煜淳,2008/06/10,臺北市中正區杭州南路2段92號1樓
新竹縣,竹縣字第20號,獸醫師,開業,里仁動物醫院,范皓森,2008/06/04,新竹縣竹北市文興路一段71號
彰化縣,彰府農防師開字第97號,獸醫師,開業,冠豪動物醫院,徐旻煜,2008/06/02,彰化市彰美路1段230號
高雄市,高市獸師開字第232號,獸醫師,開業,明誠動物醫院,蘇悌,2008/05/16,高雄市三民區明誠一路816號
屏東縣,屏獸開字第86號,獸醫師,開業,沛特動物醫院,謝天,2008/05/12,屏東市廣東路766號
高雄市,高市獸師開字第231號,獸醫師,開業,河堤動物醫院,楊淑如,2008/05/09,高雄市三民區民族一路529-6號
台中市,中市獸醫開字第215號,獸醫師,開業,羅大宇動物醫院,羅致宇,2008/05/09,台中市西區存中街153號
台北市,北市獸業字第373號,獸醫師,開業,亞洲獸醫專科醫院,陳朝澧,2008/05/07,臺北市大安區信義路4段109號1樓
新竹市,竹市建農字第45626號,獸醫師,開業,傑恩動物醫院,彭駿堯,2008/05/05,新竹市西大路303號1樓
高雄市,高縣獸醫開字第340號,獸醫師,開業,高民動物醫院,池介元,2008/04/24,高雄市鳳山區中山西路217之1號
台北市,北市獸業字第375號,獸醫師,開業,幸福動物醫院,陳宗德,2008/04/21,臺北市大安區延吉街251號1樓
嘉義縣,嘉府獸師開字第57號,獸醫師,開業,朴子動物醫院,鄭博在,2008/04/17,嘉義縣朴子市大木康榔995號
台南市,南縣獸師診開字第175號,獸醫師,開業,寶成動物醫院,蔡淑娟,2008/04/10,台南市新營區三民路137-1號
桃園市,桃獸師開執字第191號,獸醫師,開業,桃鶯動物醫院,康必達,2008/04/09,桃園市桃鶯路101號
台南市,南市獸開字第111號,獸醫師,開業,葛瑞斯動物醫院,王國丞,2008/04/03,台南市北區大武街393號
高雄市,高市獸師開字第230號,獸醫師,開業,維康動物醫院,洪明仁,2008/03/13,高雄市左營區新庄仔路233-4號
台中市,中市獸醫開字第212號,獸醫師,開業,宏典動物醫院,詹佩瑾,2008/03/10,臺中市北屯區大連路二段15號
屏東縣,屏獸開字第85號,獸醫師,開業,六興動物醫院,洪信雄,2008/02/22,屏東縣萬丹鄉萬全村萬丹路一段270號
台中市,中市獸醫開字第210號,獸醫師,開業,侏儸紀野生動物專科醫院,朱哲助,2008/02/20,台中市北區英才路351號
台中市,中市獸醫開字第211號,獸醫師,開業,溫馨動物醫院,范博維,2008/02/18,台中市南屯區公益路二段607號
台北市,北市獸業字第128號,獸醫師,開業,龍江獸醫院,陳碧誠,2008/02/15,臺北市龍江路21巷1號1樓
高雄市,高縣獸醫開字第336號,獸醫師,開業,米可動物醫院,許岳蒼,2008/02/05,高雄市鳳山區青年路2段320號
新北市,北縣獸醫業字第241號,獸醫師,開業,祐全動物醫院,陳翔裓,2008/01/30,新北市新莊區幸福路795號
新北市,北縣獸醫業字第239號,獸醫師,開業,貝貝家畜醫院,張寶榮,2008/01/23,新北市八里區中山路2段261號3樓
新北市,北縣獸醫業字第240號,獸醫師,開業,自強動物醫院,張再興,2008/01/23,新北市三重區自強路4段79號1樓
台北市,北市獸業字第370號,獸醫師,開業,遠見動物眼科醫院,江欣蒨,2008/01/18,臺北市大安區和平東路2段68號1樓
嘉義縣,嘉府獸師開字第56號,獸醫師,開業,東熹動物醫院,李東熹,2008/01/15,嘉義縣朴子市開元路483-2號
苗栗縣,苗縣獸開字第97025號,獸醫師,開業,鴻成賽鴿醫院,邱治璋,2008/01/08,苗栗市北安街188號
台中市,中縣畜開字第128號,獸醫師,開業,福懋動物醫院,宋昌懋,2007/12/05,豐原區圓環西路69號
台北市,北市獸業字第371號,獸醫師,開業,諾亞動物醫院,李家華,2007/12/04,臺北市中山區吉林路166號1樓
嘉義縣,嘉府獸師開字第55號,獸醫師,開業,明仁動物醫院,黃明仁,2007/12/04,民雄鄉福樂村埤角66-52號
桃園市,桃獸師開執字第187號,獸醫師,開業,設想動物醫院,林耿玄,2007/12/03,桃園市蘆竹區南順七街22號
台北市,北市獸業字第276號,獸醫師,開業,仁愛動物醫院,朱建光,2007/11/21,臺北市大安區仁愛路4段228-5號1樓
台中市,中市獸醫開字第209號,獸醫師,開業,祥億動物醫院,姚國榮,2007/11/15,台中市南區復興路一段259號
新北市,北縣獸醫業字第237號,獸醫師,開業,愛寶動物醫院,謝旻莉,2007/11/14,新北市五股區中興路4段49號1樓
新竹縣,竹縣字第19號,獸醫師,開業,唯仁動物醫院,黃詩婷,2007/11/08,新竹縣竹北市中華路226號
台中市,中市獸醫開字第208號,獸醫師,開業,崇德動物醫院,林子永,2007/11/01,臺中市北屯區崇德二路二段159號
新北市,北縣獸醫業字第235號,獸醫師,開業,愛欣動物醫院,吳達敏,2007/11/01,新北市樹林區樹德街5號1樓
高雄市,高市獸師開字第227號,獸醫師,開業,博聯動物醫院,梁碩麟,2007/10/31,高雄市鼓山區中華一路350號
屏東縣,屏獸開字第84號,獸醫師,開業,永坤動物醫院(恆春分院),陳文婷,2007/10/29,屏東縣恆春鎮恆南路133號
高雄市,高市獸師開字第226號,獸醫師,開業,中興動物醫院,張益福,2007/10/25,高雄市三民區大豐二路118-1號
新北市,北縣獸醫業字第233號,獸醫師,開業,牧村動物醫院,吳鴻儒,2007/10/23,新北市板橋區民生路二段50號1樓
台中市,中市獸醫師開字第147號,獸醫師,開業,全國動物醫院精業分院,許津瑛,2007/10/22,台中市南屯區大業路357號1、2樓
台北市,北市獸業字第217號,獸醫師,開業,中山動物醫院,林政毅,2007/09/26,台北市民權東路3段140巷5號1樓及106巷3弄8號1樓
雲林縣,雲診字第76號,獸醫師,開業,明境動物醫院,鍾福志,2007/09/21,二崙鄉大同村後壁路29-1號
台中市,中市獸醫開字第206號,獸醫師,開業,全國動物醫院大雅分院,余宗霖,2007/08/30,台中市北區中清路一段635號
嘉義縣,嘉府獸師開字第54號,獸醫師,開業,寧鑫動物醫院,吳通本,2007/08/30,嘉義縣竹崎鄉竹崎村中華路53號
新北市,北縣獸醫業字第230號,獸醫師,開業,三林動物醫院,廖志強,2007/08/28,新北市蘆洲區九芎街99號
新北市,北縣獸醫業字第229號,獸醫師,開業,錫安動物醫院,柯慧美,2007/08/07,永和區竹林路19號1樓
新竹市,竹市建農字第79494號,獸醫師,開業,艾諾動物醫院,陳信帆,2007/08/02,新竹市科學園路106號1樓
台北市,北市獸業字第369號,獸醫師,開業,恩亞動物醫院,蔡依津,2007/07/27,臺北市松山區健康路325巷14號1樓
台北市,北市獸業字第30號,獸醫師,開業,東宏動物醫院,陳俊宏,2007/07/26,台北市吉林路432號1樓
台北市,北市獸業字第368號,獸醫師,開業,惟新動物醫院,林錦宏,2007/07/19,臺北市中山區明水路672巷34號1樓
高雄市,高縣獸醫開字第329號,獸醫師,開業,世康動物醫院,施清文,2007/07/18,高雄市鳳山區八德路129號
屏東縣,屏獸開字第27號,獸醫師,開業,大同動物醫院,施法龍,2007/07/16,屏東市民族路222號
新北市,北縣獸醫業字第227號,獸醫師,開業,尚虹動物醫院,林佑誠,2007/07/12,新北市汐止區康寧街455號1樓
高雄市,高市獸師開字第225號,獸醫師,開業,馬汀動物醫院,楊家禎,2007/07/09,高雄市左營區至聖路235號
台南市,南縣獸師診開字第172號,獸醫師,開業,馬汀動物醫院,陳國樑,2007/07/05,台南市永康區中華路8-2號
台中市,中市獸醫開字第204號,獸醫師,開業,天興動物醫院,張瑛杰,2007/07/04,台中市西屯區西屯路二段103之3號
基隆市,基市獸開字第11號,獸醫師,開業,佳和動物醫院,張孟生,2007/06/22,基隆市中正區正豐街61號
嘉義縣,嘉府獸師開字第52號,獸醫師,開業,榮田動物醫院,王榮田,2007/06/22,嘉義縣民雄鄉東湖村75號
新竹縣,竹縣字第18號,獸醫師,開業,"超群動物 醫院",鍾劭孟,2007/06/14,新竹縣竹北市中正東路105號
台中市,中市獸醫開字第203號,獸醫師,開業,晨星動物醫院,洪晢惇,2007/05/30,台中市西區大明街4號
雲林縣,雲診字第75號,獸醫師,開業,泰興動物診所,李勇男,2007/05/18,土庫鎮中興路349號
新北市,北縣獸醫業字第226號,獸醫師,開業,全家動物醫院,蔡明宏,2007/05/16,新北市土城區中央路一段63號1樓及地下1樓
屏東縣,屏獸開字第80號,獸醫師,開業,枋寮動物醫院,傅齡萱,2007/05/14,屏東縣枋寮鄉枋寮村德興路92-2號
台北市,北市獸業字第367號,獸醫師,開業,敦品動物醫院,劉榮宗,2007/05/08,臺北市大安區大安路1段205號1樓及地下1樓
台北市,北市獸業字第366號,獸醫師,開業,復生動物醫院,林復旦,2007/05/08,臺北市中山區民生東路1段78號1樓
台北市,北市獸業字第365號,獸醫師,開業,達仁動物醫院,蔡依達,2007/04/19,臺北市文山區木柵路2段133號1樓
台南市,南縣獸師診開字第171號,獸醫師,開業,長明動物醫院,魏淑菁,2007/04/19,台南市佳里區文化路343號
新竹縣,竹縣字第17號,獸醫師,開業,大雄動物醫院,廖洲億,2007/04/13,新竹縣竹北市華興街257號
高雄市,高市獸師開字第220號,獸醫師,開業,樂生動物醫院,鍾湘琳,2007/04/03,高雄市左營區曾子路79號
台中市,中市獸醫開字第200號,獸醫師,開業,何康動物醫院,何虹達,2007/03/20,臺中市東區十甲東路657號
台東縣,東府獸師開字第15號,獸醫師,開業,向日動物醫院,林佳蓉,2007/03/09,台東市中華路一段364號
台中市,中市獸醫開字第199號,獸醫師,開業,慈愛動物醫院五權分院,蕭絢燦,2007/03/05,台中市南屯區五權西路二段67號
嘉義縣,嘉府獸師開字第15號,獸醫師,開業,水上動物醫院,林進勇,2007/02/13,嘉義縣水上鄉中山路2段998號
高雄市,高市獸師開字第217號,獸醫師,開業,甲和動物醫院,李溪,2007/02/13,高雄市前鎮區西山里30鄰台鋁11巷15號
高雄市,高縣獸醫開字第319號,獸醫師,開業,凱帝動物醫院,徐和賢,2007/02/06,高雄市鳳山區鳳頂路368號
新北市,北縣獸醫業字第223號,獸醫師,開業,三峽奇緣動物醫院,徐丹尼,2007/01/31,新北市三峽區中園街126之23號1樓及126之22號1樓
台北市,北市獸業字第2號,獸醫師,開業,百科家畜醫院,吳文杰,2007/01/23,臺北市北投區西安街1段361號1樓
苗栗縣,苗縣獸開字第96024號,獸醫師,開業,頭份永昌動物醫院,徐瑞陽,2007/01/10,頭份鎮自強路241號1.2.3.樓.地下室
苗栗縣,苗縣獸開字第96023號,獸醫師,開業,平順動物醫院,賴政宏,2007/01/09,造橋鄉朝陽村10鄰7-1號
新北市,北縣獸醫業字第220號,獸醫師,開業,康爾維動物醫院,黃孟博,2007/01/08,新北市新店區安康路2段308號
新竹市,竹市府產農字第950133057號,獸醫師,開業,台大安欣動物醫院,劉佳遠,2006/12/27,新竹市體育街28號
彰化縣,彰府農防師開字第90號,獸醫師,開業,宏宜家畜醫院,王賜平,2006/12/26,彰化縣埤頭鄉合興村中央路696巷38號
雲林縣,雲診字第43號,獸醫師,開業,信誼動物診所,陳金山,2006/12/22,虎尾鎮芳草里崁頂4號
雲林縣,雲診字第70號,獸醫師,開業,成泰動物醫院,李金樟,2006/12/20,雲林縣斗六市中正路24-1號
台北市,北市獸業字第360號,獸醫師,開業,沐恩動物醫院,林文傑,2006/12/18,臺北市大安區基隆路2段220號1至4樓
台北市,北市獸業字第59號,獸醫師,開業,梁動物內科醫院,梁朝雄,2006/12/13,台北市長安東路1段41-1號1樓
高雄市,高縣獸醫開字第317號,獸醫師,開業,大興動物醫院,楊秋興,2006/11/29,高雄市鳳山區經武路135號
台中市,中縣畜開字第124號,獸醫師,開業,嘉恩動物醫院,陳嘉雄,2006/11/22,台中市霧峰區林森路768-1號
桃園市,桃獸師開執字第125號,獸醫師,開業,東豐動物醫院,洪宜蓁,2006/11/13,桃園市龍潭區東龍路292號
台北市,北市獸業字第358號,獸醫師,開業,詠欣動物醫院,邱顯閔,2006/11/06,臺北市信義區莊敬路428號1樓
台北市,北市獸業字第73號,獸醫師,開業,凡賽爾賽鴿寵物鳥醫院,,2006/10/24,台北市民族西路53號1樓
新北市,北縣獸醫業字第217號,獸醫師,開業,伊娃動物醫院,趙沁梅,2006/10/16,新北市蘆洲區永平街32巷12弄18號1樓及B1
新北市,北縣獸醫業字第218號,獸醫師,開業,員山動物醫院,李家豪,2006/10/16,新北市中和區中山路2段577號1、2樓
新北市,北縣獸醫業字第216號,獸醫師,開業,福林動物醫院,葉銘松,2006/10/16,新北市中和區中安街230號1、2樓
台中市,中縣畜開字第122號,獸醫師,開業,聖欣動物醫院,江翠蓉,2006/10/12,豐原區同安街183
台北市,北市獸業字第355號,獸醫師,開業,丹堤動物醫院,高將員,2006/10/03,臺北市北投區知行路208-2號1樓
高雄市,高市獸師開字第215號,獸醫師,開業,亞幸動物醫院,周明賢,2006/10/03,高雄市苓雅區光華一路12之1號
台中市,中市獸醫開字第197號,獸醫師,開業,康熙動物醫院,梁若虎,2006/10/02,台中市北區天祥街2號
台中市,中縣畜開字第121號,獸醫師,開業,全國動物醫院豐原分院,王允軍,2006/09/27,台中市豐原區圓環北路2段249、251號
屏東縣,屏獸開字第46號,獸醫師,開業,龍德動物醫院,鍾政達,2006/09/26,屏東市瑞光路二段364號
台中市,中市獸醫師開字第65號,獸醫師,開業,聖愛動物醫院,陳世偉,2006/09/14,臺中市南區復興路一段405號(及地下室)
桃園市,桃獸師開執字第120號,獸醫師,開業,梁動物醫院,梁昌渠,2006/08/31,桃園市龍潭區東龍路136號
台中市,中市獸醫開字第168號,獸醫師,開業,東興動物醫院,林裕翔,2006/08/15,台中市西區東興路三段164號
桃園市,桃獸師開執字第97號,獸醫師,開業,長春動物醫院,范長春,2006/08/15,桃園市龜山區萬壽路2段960號1樓
台北市,北市獸業字第353號,獸醫師,開業,亞馬森動物醫院,劉尹晟,2006/08/07,臺北市成功路4段311號1樓
新竹縣,竹縣字第16號,獸醫師,開業,明新動物醫院,徐景宣,2006/08/01,新竹縣新豐鄉新興路158-3號
彰化縣,彰府農防師開字第88號,獸醫師,開業,傑克動物醫院,張澔任,2006/07/31,彰化市旭光路184號
屏東縣,屏獸開字第79號,獸醫師,開業,六雅獸醫院,駱俊德,2006/07/24,屏東縣內埔鄉內田村學人路707號
新北市,北縣獸醫業字第211號,獸醫師,開業,瑪雅動物醫院,詹朝棟,2006/07/12,新北市永和區中和路325號1樓
嘉義縣,嘉府獸師開字第51號,獸醫師,開業,惠群動物醫院,蘇家陽,2006/06/20,嘉義縣朴子市永和里140-11號
高雄市,高市獸師開字第214號,獸醫師,開業,世全動物醫院,黃靖文,2006/06/20,高雄市前金區自強三路213號1、2樓
新北市,北縣獸醫業字第210號,獸醫師,開業,慈濟動物醫院,徐玟良,2006/06/19,土城區學成路100號1樓及地下1樓
台南市,南市獸開字第109號,獸醫師,開業,諾亞動物醫院,林家弘,2006/06/06,臺南市成功路297號
屏東縣,屏獸開字第78號,獸醫師,開業,中心動物醫院,洪偉棟,2006/05/15,屏東縣潮州鎮光春路121-2號
台中市,中市獸醫開字第194號,獸醫師,開業,庚欣動物醫院,陳姿宇,2006/05/15,台中市北區雙十路二段77號
桃園市,桃獸師開執字第179號,獸醫師,開業,愛心動物醫院,陳建霖,2006/05/11,桃園市中寧街23號
台東縣,東府獸師開字第14號,獸醫師,開業,可愛動物醫院,林富榮,2006/05/04,台東市豐榮里31鄰仁和街108號
台中市,中市獸醫開字第193號,獸醫師,開業,全國動物醫院中科分院,謝馥憶,2006/04/28,臺中市西屯區福科路537號(1-3樓)
屏東縣,屏獸開字第77號,獸醫師,開業,躍犬獸醫院,郭明德,2006/04/27,屏東市忠孝路169-1號
新北市,北縣獸醫業字第208號,獸醫師,開業,快樂動物醫院,林鈺倩,2006/04/27,新北市新莊區福營路242號1樓及B1
高雄市,高市獸師開字第213號,獸醫師,開業,宏仁動物醫院,許恭峻,2006/04/26,高雄市鼓山區中華一路2號
桃園市,桃獸師開執字第177號,獸醫師,開業,安辛動物醫院,邊成忠,2006/04/25,桃園市民生路228號
屏東縣,屏獸開字第28號,獸醫師,開業,海青動物醫院,"周  川",2006/04/17,屏東縣九如鄉東寧村東都街45巷7弄6號
嘉義市,嘉市獸開字第79號,獸醫師,開業,永樂動物醫院,廖茂男,2006/04/13,嘉義市吳鳳南路669號
新北市,北縣獸醫業字第207號,獸醫師,開業,護生動物醫院,陳惠傑,2006/04/12,新莊區中和街93號
屏東縣,屏獸開字第14號,獸醫師,開業,慶安動物醫院,朱育震,2006/04/10,屏東市民生路12-12號
屏東縣,屏獸開字第6號,獸醫師,開業,嘉慶動物醫院,黃順興,2006/04/07,屏東市復興南路一段100號
屏東縣,屏獸開字第50號,獸醫師,開業,中華家畜醫院,郭永裕,2006/04/07,屏東市民學路36-2號
屏東縣,屏獸開字第63號,獸醫師,開業,畜博動物醫院,劉國奎,2006/04/06,屏東市豐榮街189號
高雄市,高市獸師開字第211號,獸醫師,開業,恩茂動物醫院,劉大弘,2006/04/04,高雄市前鎮區復興三路313號1~2樓
高雄市,高市獸師開字第210號,獸醫師,開業,吉貝爾動物醫院,黃威霖,2006/04/03,高雄市鳳山區五常街44號
高雄市,高市獸師開字第209號,獸醫師,開業,寵愛動物醫院,葉俊益,2006/03/23,高雄市楠梓區後勁西路236號
金門縣,(95)疫政字第681號,獸醫師,開業,旺旺動物醫院,陳寶川,2006/03/17,金門縣金城鎮民權路30巷2弄1號
嘉義縣,嘉府獸師開字第48號,獸醫師,開業,麗安動物診所,柯慧哲,2006/03/17,嘉義縣義竹鄉東光村59號
屏東縣,屏獸開字第1號,獸醫師,開業,吉祥動物醫院,阮清飛,2006/03/17,屏東縣內埔鄉內埔村仁智路40號
新北市,北縣獸醫業字第205號,獸醫師,開業,銘德動物醫院,吳銘宏,2006/03/16,新莊區中正路603號
台南市,南市獸開字第105號,獸醫師,開業,瑞慶動物醫院,張榮良,2006/03/08,臺南市中西區府連路31號
桃園市,桃獸師開執字第172號,獸醫師,開業,大禾動物醫院,官千祐,2006/03/07,桃園市建國路218號1樓
基隆市,基市獸開字第22號,獸醫師,開業,台大長鴻動物醫院,李長龍,2006/03/02,基隆市仁一路139號
彰化縣,彰府農防師開字第87號,獸醫師,開業,翊昇動物醫院,郭旭英,2006/02/10,彰化縣北斗鎮興農路2段228號
南投縣,投府農畜師開字第23號,獸醫師,開業,嘉陽動物醫院,楊為杰,2006/02/08,南投縣埔里鎮北澤街62號
屏東縣,屏獸開字第76號,獸醫師,開業,台灣牧誠行家畜醫院,許錫平,2006/02/07,屏東縣長治鄉中興路100號
苗栗縣,苗縣獸開字第95022號,獸醫師,開業,仁心動物醫院,蕭富仁,2006/02/03,苑裡鎮中山路156-1號
高雄市,高市獸師開字第208號,獸醫師,開業,信鴿南聯動物醫院,許居財,2006/01/25,高雄市楠梓區興西路137號
高雄市,高市獸師開字第206號,獸醫師,開業,柏正動物醫院,林軍在,2006/01/20,高雄市左營區自由二路17號
嘉義縣,嘉府獸師開字第46號,獸醫師,開業,永奇動物醫院,陳茂振,2006/01/19,嘉義縣中埔鄉和睦村公館59號之1
屏東縣,屏獸開字第75號,獸醫師,開業,育犬動物醫院,李顯章,2006/01/18,屏東市公裕街266號
新竹市,竹市建農字第950006565號,獸醫師,開業,唯仁動物醫院,孫漢辰,2006/01/18,新竹市經國路2段17-1號
台南市,南市獸開字第21號,獸醫師,開業,民生動物醫院,許祐福,2006/01/16,臺南市文平路545號
台北市,北市獸業字第347號,獸醫師,開業,芝山動物醫院,曾治鈞,2006/01/11,臺北市士林區福國路17-1號及19-1號1樓
台北市,北市獸業字第348號,獸醫師,開業,常明動物眼科醫院,駱虹霏,2006/01/11,臺北市大安區和平東路2段201號1樓
台東縣,東府獸師開字第13號,獸醫師,開業,愛犬獸醫院,蔡振興,2006/01/03,台東市中華路二段325號
台北市,北市獸業字第346號,獸醫師,開業,永新動物醫院,曾世明,2005/12/28,臺北市大同區重慶北路3段185號1樓
高雄市,高縣獸醫開字第300號,獸醫師,開業,國際動物醫院,董福南,2005/12/16,高雄市鳳山區光遠路254號
彰化縣,彰府農防師開字第85號,獸醫師,開業,快樂寵物醫院,江恒嘉,2005/12/09,彰化市彰南路2段180號
台南市,南市獸開字第55號,獸醫師,開業,慈愛動物醫院金華分院,謝嗣哲,2005/11/22,臺南市金華路2段39巷1號
屏東縣,屏獸開字第74號,獸醫師,開業,東立動物醫院,陳春發,2005/11/21,屏東縣萬丹鄉和平東路37號
台南市,南市獸開字第52號,獸醫師,開業,博泰動物醫院,張剛豪,2005/11/17,臺南市德安街65號
高雄市,高市獸師開字第204號,獸醫師,開業,慈愛動物醫院博愛分院,郭福添,2005/11/16,高雄市左營區博愛3路180號
花蓮縣,府農畜開字第22號,獸醫師,開業,高橋動物醫院,殷宏源,2005/11/08,花蓮縣花蓮市中正路140號
高雄市,高縣獸醫開字第299號,獸醫師,開業,希望動物醫院,馮建中,2005/11/07,高雄市鳳山區凱旋路100號
台南市,南市獸開字第102號,獸醫師,開業,立奇動物醫院,郭益志,2005/10/25,臺南市東區東和路34號
新北市,北縣獸醫業字第199號,獸醫師,開業,麗園動物醫院,王中聖,2005/10/24,新北市林口區文化一路1段119號
嘉義縣,嘉府獸師開字第45號,獸醫師,開業,嘉保動物醫院,陳小萍,2005/10/21,嘉義縣太保市北港路2段250之10號
台南市,南市獸開字第101號,獸醫師,開業,強生動物醫院,杜昇茂,2005/10/18,臺南市成功路357號
台南市,南市獸開字第93號,獸醫師,開業,凱旋動物醫院,柯正忠,2005/10/13,台南市公園路591-34號
彰化縣,彰府農防師開字第83號,獸醫師,開業,品冠動物醫院,許武農,2005/10/13,彰化縣埤頭鄉豐崙村沙崙路16號
新竹縣,竹縣字第15號,獸醫師,開業,傑昇動物醫院,張國良,2005/10/04,新竹縣竹東鎮中興路一段189號
台中市,中市獸醫開字第185號,獸醫師,開業,健康動物醫院,盧在和,2005/09/27,台中市南屯區大業路598號
台中市,中縣畜開字第116號,獸醫師,開業,文清動物醫院,林文清,2005/09/27,大雅區民生路1段290號
台南市,南市獸開字第88號,獸醫師,開業,新生獸醫院,鄭文榮,2005/09/22,臺南市國華街1段126號
高雄市,高市獸師開字第203號,獸醫師,開業,日康動物醫院,劉昭男,2005/09/20,高雄市三民區天祥1路183號
雲林縣,雲診字第73號,獸醫師,開業,大北港動物醫院,龔祈謀,2005/09/16,雲林縣北港鎮西勢里義民路41-5號
桃園市,桃獸師開執字第160號,獸醫師,開業,諾亞動物醫院,賴重光,2005/09/14,桃園市中壢區中山東一段35號
南投縣,投府農畜師開字第22號,獸醫師,開業,新豐獸醫院,朱文熙,2005/09/09,南投縣草屯鎮成功路一段359號
台中市,中縣畜開字第114號,獸醫師,開業,愛犬動物醫院,陳武中,2005/08/29,霧峰區中正路1112號
屏東縣,屏獸開字第31號,獸醫師,開業,森山家畜醫院,陳紹隆,2005/08/11,屏東縣潮州鎮民治路14號
桃園市,桃獸師開執字第157號,獸醫師,開業,元氣動物醫院,陳俊雄,2005/08/01,桃園市三民路381號
台中市,中縣畜開字第112號,獸醫師,開業,育昇動物醫院,紀亮宇,2005/07/20,烏日區中山路一段406號
屏東縣,屏獸開字第72號,獸醫師,開業,劉犬科醫院,劉世財,2005/07/12,屏東縣潮州鎮(里)建基路66號
高雄市,高市獸師開字第202號,獸醫師,開業,嘉翔動物醫院,佘家文,2005/07/06,高雄市左營區自由四路35號
新北市,北縣獸醫業字第194號,獸醫師,開業,成蹊動物醫院,黃李傳,2005/07/04,新北市永和區中正路474號1樓
屏東縣,屏獸開字第73號,獸醫師,開業,人仁動物醫院,蘇豐志,2005/07/01,屏東市勝利路57號
台北市,北市獸業字第344號,獸醫師,開業,米亞動物醫院,陳易成,2005/06/30,臺北市中山區民權東路2段57號
台中市,中市獸醫開字第179號,獸醫師,開業,迦南動物醫院,陳祐銘,2005/06/23,台中市南區工學路55號
桃園市,桃獸師開執字第156號,獸醫師,開業,吉布動物醫院,張劍明,2005/06/22,桃園市新埔七街134號
高雄市,高市獸師開字第201號,獸醫師,開業,宏力動物醫院,馮宗宏,2005/05/24,高雄市三民區明誠一路326號
嘉義市,府建農字第78號,獸醫師,開業,齊恩動物醫院,杜雪華,2005/05/06,嘉義市興業東路18號
台中市,中縣畜開字第111號,獸醫師,開業,非凡動物醫院,劉政昌,2005/04/29,太平區鵬儀路1-4號
台中市,中市獸醫開字第178號,獸醫師,開業,祐田動物醫院,李睿鎮,2005/04/15,台中市北屯區舊社里33鄰崇德二路一段28號
台中市,中縣畜開字第110號,獸醫師,開業,毛毛動物診所,陳姿如,2005/04/11,烏日區烏日村7鄰新興路111號
台南市,南縣獸師診開字第165號,獸醫師,開業,長弘動物醫院,陳建良,2005/04/08,台南市永康區正強街139號
桃園市,桃獸師開執字第154號,獸醫師,開業,奇昀動物醫院,許嘉珍,2005/03/11,桃園市桃園區民生路374號
高雄市,高市獸師開字第200號,獸醫師,開業,登羣動物醫院,林昇全,2005/03/08,高雄市前鎮區瑞隆路228號
台北市,北市獸業字第342號,獸醫師,開業,宇恒動物醫院,謝祖揚,2005/03/03,臺北市民權東路6段57號
雲林縣,雲診字第72號,獸醫師,開業,吉興動物醫院,郭自強,2005/02/24,雲林縣褒忠鄉新湖村新湖路29號
高雄市,高市獸師開字第199號,獸醫師,開業,貝果紀念動物醫院,陳國藩,2005/02/23,高雄市鼓山區華泰路263號
台北市,北市獸業字第122號,獸醫師,開業,佳明動物醫院,許時健,2005/02/22,台北市青年路164號
台南市,南市獸開字第96號,獸醫師,開業,啄木鳥動物醫院,方瑞賢,2005/02/14,臺南市北區臨安路2段279號
台南市,南市獸開字第73號,獸醫師,開業,凱麗獸醫院,陳煥東,2005/02/01,臺南市健康路1段345號
嘉義縣,嘉府獸師開字第42號,獸醫師,開業,安順動物醫院,蘇振源,2005/01/19,竹崎鄉桃源村15鄰勝源18之1號
台北市,北市獸業字第339號,獸醫師,開業,恩加動物醫院,張恩愷,2005/01/19,臺北市信義區松山路315-2號1樓
新北市,北縣獸醫業字第185號,獸醫師,開業,貝斯特動物醫院,藍新文,2005/01/17,新北市汐止區新台五路2段28號
台南市,南縣獸師診開字第164號,獸醫師,開業,瑪利亞動物醫院,胡文祥,2005/01/11,台南市白河區中山路1之16號
新北市,北縣獸醫業字第184號,獸醫師,開業,德艾動物醫院,李翰宗,2004/12/28,新北市淡水區民生路八號
高雄市,高市獸師開字第197號,獸醫師,開業,立安動物醫院,黃立結,2004/12/21,高雄市三民區建工路559號
台南市,南縣獸師診開字第163號,獸醫師,開業,王家家畜診所,王源料,2004/12/20,台南市柳營區光福村成功街139號
新竹市,竹市建農字第26265號,獸醫師,開業,米豆寵物醫院,郭信豐,2004/12/02,新竹市明湖路432號
桃園市,桃獸師開執字第183號,獸醫師,開業,惠犬動物醫院,許國憲,2004/11/19,桃園市中山路764號
雲林縣,雲診字第69號,獸醫師,開業,信安犬貓診所,徐源宏,2004/11/03,雲林縣北港鎮民有路80號
台中市,中縣畜開字第108號,獸醫師,開業,安傑動物醫院,王志遠,2004/11/02,豐原區三豐路119號
台中市,中市獸醫開字第170號,獸醫師,開業,德愛動物醫院,游浚德,2004/10/26,台中市北屯區昌平路一段95-9號
台中市,中縣畜開字第107號,獸醫師,開業,益生動物醫院,林岳維,2004/10/25,太平區宜昌路525號
高雄市,高市獸師開字第195號,獸醫師,開業,大其動物醫院,宋亦祁,2004/10/25,高雄市左營區嘉慶街46號
桃園市,桃獸師開執字第146號,獸醫師,開業,欣欣動物醫院,鄧之烜,2004/10/22,龜山鄉萬壽路2段918號
花蓮縣,府農畜開字第21號,獸醫師,開業,中華動物醫院,柯鍵瑋,2004/10/14,花蓮市中華路325號之7
桃園市,桃獸師開執字第145號,獸醫師,開業,中泰家畜醫院,童孟德,2004/10/12,中壢市中華路一段408號
桃園市,桃獸師開執字第144號,獸醫師,開業,思邁爾動物醫院寶慶分院,李瑞玲,2004/10/12,桃園市桃園區寶慶路422號
台中市,中市獸醫開字第169號,獸醫師,開業,ㄚ貓ㄚ狗動物醫院,朱照平,2004/10/11,台中市南屯區大墩11街783號
高雄市,高縣獸醫開字第282號,獸醫師,開業,泰安動物醫院,周明慶,2004/10/07,高雄市鳳山區新武里瑞隆東路266號
台中市,中市獸醫開字第164號,獸醫師,開業,慈愛動物醫院中港分院,葉英良,2004/09/27,台中市西屯區台中港路二段64-11號二樓
台中市,中市獸醫開字第163號,獸醫師,開業,田中政男動物醫院,謝政男,2004/09/24,台中市北區進化北路378之24號
桃園市,桃獸師開執字第143號,獸醫師,開業,信安動物醫院,王可喬,2004/09/09,桃園市龜山區新路里自強南路82號
台北市,北市獸業字第337號,獸醫師,開業,路加動物醫院,金信權,2004/08/13,台北市文山區興隆路2段224之4號1樓
台中市,中縣畜開字第28號,獸醫師,開業,群力動物醫院,王起梯,2004/08/04,大里區永隆一街261號
新北市,北縣獸醫業字第174號,獸醫師,開業,五信動物醫院,陳大鈞,2004/08/02,新北市中和區連城路358號1樓
花蓮縣,府農畜開字第20號,獸醫師,開業,建國動物診所,許宏文,2004/07/19,花蓮縣吉安鄉建國路1段9號
新北市,北縣獸醫業字第171號,獸醫師,開業,維康動物醫院,鄭智青,2004/07/12,新北市淡水區中山北路一段一九十號
台南市,南縣獸師診開字第160號,獸醫師,開業,波菲爾動物醫院,陳培源,2004/06/29,台南市新營區復興路156號
台中市,中市獸醫開字第162號,獸醫師,開業,文心全國動物醫院,張俊毅,2004/06/28,台中市北屯區文心路四段三二五號
新北市,北縣獸醫業字第170號,獸醫師,開業,哲生動物醫院,許昭文,2004/06/24,淡水區民族路29巷40號1-2樓
宜蘭縣,九三府農畜字第69764號,獸醫師,開業,宜蘭縣動植物防疫所附設動物醫院,吳子熊,2004/06/08,宜蘭縣五結鄉成興村利寶路60號
新北市,北縣獸醫業字第167號,獸醫師,開業,林動物醫院,林芳瑞,2004/05/12,林口區文化二路一段五十號
台東縣,東府獸師開字第4號,獸醫師,開業,聯合動物醫院,吳志福,2004/04/26,台東市傳廣路225號
彰化縣,彰化農防師字第77號,獸醫師,開業,弘群動物診所,洪宗輝,2004/04/21,彰化縣芳苑鄉三合村埤北路37號
桃園市,桃獸師開執字第45號,獸醫師,開業,佑安動物醫院,李志峰,2004/04/19,桃園市平鎮區民族路2段29號
新北市,北縣獸醫業字第164號,獸醫師,開業,王朋動物醫院,王鵬程,2004/04/19,中和區連城路72號
桃園市,桃獸師開執字第141號,獸醫師,開業,凱特動物醫院,王妍,2004/04/16,桃園市八德區介壽路2段260號
台中市,中市獸醫師開字第161號,獸醫師,開業,佳恩動物醫院,宋建興,2004/03/17,台中市南區美村路二段88號
宜蘭縣,九三府農畜字第21935號,獸醫師,開業,德生動物醫院,江彥德,2004/02/24,宜蘭市大東里新民路六十八號
台北市,北市獸業字第279號,獸醫師,開業,曼哈頓動物醫院,譚大倫,2004/02/24,台北市市民大道四段77號
新北市,北縣獸醫業字第162號,獸醫師,開業,大慶獸醫院,林明順,2004/02/16,土城區中華路1段22號
嘉義縣,嘉府獸師開字第41號,獸醫師,開業,旭康動物醫院,林煌成,2004/02/10,嘉義縣中埔鄉和美村仁義路155號
雲林縣,雲診字第67號,獸醫師,開業,黃文志動物醫院,黃文志,2004/01/16,雲林縣北港鎮大同路319號
屏東縣,屏獸開字第59號,獸醫師,開業,賽諾菲動物醫院,吳淑華,2004/01/16,屏東市廣東路29號
新北市,北縣獸醫業字第160號,獸醫師,開業,誠恩動物醫院,謝其焜,2004/01/16,新店區民族路三二號
高雄市,高市獸師開字第187號,獸醫師,開業,聖弘綜合動物醫院,葛玥妘,2003/12/15,高雄市三民區鼎中路753之37號
桃園市,桃獸師開執字第136號,獸醫師,開業,林獸醫動物診所,林孟喬,2003/12/03,桃園市大園區中山南路75巷14號
台中市,中市獸醫師開字第159號,獸醫師,開業,誠品動物醫院,張芳銘,2003/12/01,台中市北區學士路240號
台北市,北市獸業字第330號,獸醫師,開業,大湖動物醫院,黃國安,2003/11/26,臺北市內湖區成功路五段十號一樓
桃園市,桃獸師開執字第135號,獸醫師,開業,中原動物醫院,鄧如意,2003/11/24,中壢市環北路447號
桃園市,桃獸師開執字第134號,獸醫師,開業,康橋獸醫院,彭德勳,2003/11/14,中壢市新興路245號
台北市,北市獸業字第247號,獸醫師,開業,世東動物醫院,張世強,2003/11/04,臺北市士東路三十九號一樓
台東縣,東府獸佐開字第12號,獸醫師,開業,懷恩動物醫院,穆昭安,2003/09/22,台東市開封街575號
基隆市,基市獸開字第21號,獸醫師,開業,犬貓屋動物醫院,謝義得,2003/09/22,基市基金一路118號
屏東縣,屏獸開字第69號,獸醫師,開業,中山動物醫院,王振源,2003/09/22,屏東縣東港鎮中山路88之3號
基隆市,基市獸開字第20號,獸醫師,開業,新興動物醫院,游大森,2003/09/19,基隆市仁一路117號
嘉義市,府建農字第74號,獸醫師,開業,高醫動物醫院,林家凱,2003/09/17,嘉義市中興路716號
台南市,南縣獸師診開字第158號,獸醫師,開業,愛心動物醫院,朱源森,2003/08/20,台南市新市區忠孝街168號
台南市,南市獸開字第91號,獸醫師,開業,惠群動物醫院,楊福記,2003/08/12,臺南市北區文成路745號
台南市,南市獸開字第90號,獸醫師,開業,安順動物醫院,林政君,2003/07/24,臺南市安和路四段374之5號
台中市,中縣畜開字第100號,獸醫師,開業,佑晟動物醫院,廖俊誠,2003/07/23,台中市后里區福音路42-1號
台北市,北市獸業字第140號,獸醫師,開業,仁慈動物醫院,朱浚源,2003/07/17,台北市北安路571之2號
基隆市,基市獸開字第19號,獸醫師,開業,祥恩動物醫院,陳御翔,2003/07/15,基隆市信義區深美街91號
台中市,中市獸醫師開字第151號,獸醫師,開業,台碩動物醫院,楊朝交,2003/07/12,台中市漢口路四段七八號
台南市,南市獸開字第89號,獸醫師,開業,亞太動物醫院,游品智,2003/07/10,臺南市府前路一段361號
新北市,北縣獸醫業字第158號,獸醫師,開業,亞麥動物醫院,林建群,2003/07/09,新北市板橋區中國光路77號1樓及57號B1
嘉義縣,嘉府獸師開字第39號,獸醫師,開業,四生堂動物醫院,廖慶雄,2003/07/09,嘉義縣六腳鄉六南村六腳200之2號
新北市,北縣獸醫業字第157號,獸醫師,開業,金妞妞動物醫院,侯金蘭,2003/06/20,新北市板橋區民權路二三二號
台北市,北市獸業字第226號,獸醫師,開業,佑昇動物醫院,吳茂常,2003/06/19,臺北市羅斯福路三段三八號一樓
台中市,中縣畜開字第99號,獸醫師,開業,嘉基動物診所,陳均宏,2003/06/19,台中市太平區宜欣里宜昌路217號
新北市,北縣獸醫業字第156號,獸醫師,開業,六福動物醫院,陳文平,2003/06/18,新北市板橋區文化路1段182號1樓
新北市,北縣獸醫業字第155號,獸醫師,開業,旺旺動物醫院,徐淑文,2003/06/18,板橋區中山路二段一八一號
新北市,北縣獸醫業字第154號,獸醫師,開業,仁愛家畜醫院,張福台,2003/06/03,板橋區民族路101號
新北市,北縣獸醫業字第153號,獸醫師,開業,台大動物醫院,施明志,2003/06/03,板橋區文化路2段11號1樓及2樓
台南市,南市獸開字第87號,獸醫師,開業,一心動物醫院,蔡炳堅,2003/04/23,臺南市東門路二段227號
新北市,北縣獸醫業字第151號,獸醫師,開業,左岸動物醫院,邱顯傑,2003/04/14,新北市中和區福祥路一二九號
南投縣,投府農畜師開字第21號,獸醫師,開業,慧光動物醫院,黃清寅,2003/04/08,埔里鎮西安路一段三三八號
高雄市,高市獸師開字第166號,獸醫師,開業,聯合動物醫院,黃明祥,2003/03/24,高雄市三民區覺民路74號
雲林縣,雲診字第65號,獸醫師,開業,杏泰家畜診所,鍾進利,2003/03/12,雲林縣崙背鄉水尾村28號
高雄市,高縣獸醫開字第242號,獸醫師,開業,合美動物醫院,陳子苗,2003/03/06,高雄市岡山區中華路13-5號
桃園市,桃獸師開執字第129號,獸醫師,開業,萬欣犬貓專科醫院,余新森,2003/02/20,桃園市民生路610號
台北市,北市獸業字第326號,獸醫師,開業,嘉慶動物醫院,黃泓康,2003/02/13,臺北市松山區八德路4段214-1、218號1樓
屏東縣,屏獸開字第66號,獸醫師,開業,雨聲動物醫院,林雨聲,2003/02/10,屏東縣潮州鎮朝昇東路339號
彰化縣,彰化農防師字第71號,獸醫師,開業,楊育瑋獸醫診所,楊育瑋,2003/01/24,彰化縣溪湖鎮東環路車頭巷16號
台中市,中縣畜開字第91號,獸醫師,開業,大生動物醫院,楊正雄,2003/01/22,大里區新里里新興路137號
雲林縣,雲診字第64號,獸醫師,開業,文志動物診所,蔡孝寬,2003/01/13,雲林縣斗六市文化路344號
新北市,北縣獸醫業字第145號,獸醫師,開業,五洲獸醫院,鄭馥璇,2002/12/11,新北市板橋區民權路250號
雲林縣,雲診字第63號,獸醫師,開業,富隆動物醫院,,2002/10/29,雲林縣斗六市中正路133號1樓
高雄市,高市獸師開字第151號,獸醫師,開業,聖心動物醫院,陳錦合,2002/10/24,高雄市小港區宏平路360號
桃園市,桃獸師開執字第124號,獸醫師,開業,康淇動物醫院,吳軍廷,2002/10/09,桃園市中壢區元化路2段50號
台中市,中縣畜開字第94號,獸醫師,開業,豐南動物醫院,黃村英,2002/09/06,台中市豐原區育才街35號
桃園市,桃獸師開執字第121號,獸醫師,開業,友信動物醫院,林鴻志,2002/09/05,桃園市中壢區廣安街十號
桃園市,桃獸師開執字第122號,獸醫師,開業,泛亞動物醫院,謝振達,2002/09/05,桃園市龍潭區東龍路285號
台中市,中市獸醫師開字第132號,獸醫師,開業,忠明動物醫院,吳明忠,2002/08/30,台中市西區向上南路一段一八四號
新北市,北縣獸醫業字第140號,獸醫師,開業,惠安犬貓醫院,陳怡君,2002/08/02,新北市新店區北新路二段九十四號
新北市,北縣獸醫業字第139號,獸醫師,開業,國泰動物醫院,林振泰,2002/07/30,新北市汐止區大同路二段二八四號
桃園市,桃獸師開執字第118號,獸醫師,開業,太僕動物醫院,蕭火城,2002/07/26,桃園市龍潭區中興路三九二巷十二號
雲林縣,雲診字第62號,獸醫師,開業,新生動物醫院,,2002/07/15,斗六市太平路一八六號
桃園市,桃獸師開執字第116號,獸醫師,開業,大業動物醫院,葉翹瑜,2002/07/09,桃園市平鎮區延平路二段二九四號
桃園市,桃獸師開執字第114號,獸醫師,開業,仟祐動物醫院,李協彥,2002/06/18,桃園市大溪區介壽路796號
新北市,北縣獸醫業字第136號,獸醫師,開業,雙十動物醫院,沈志明,2002/06/18,新北市板橋區雙十路二段四號1樓及2樓
雲林縣,雲診字第61號,獸醫師,開業,行健行賽鴿醫院,黃益盛,2002/06/03,雲林縣斗南鎮延平路一段一二一號
高雄市,高市獸開字第184號,獸醫師,開業,米恩動物醫院,余偉智,2002/05/31,高雄市左營區新庄仔路556號
台中市,中市獸醫師開字第135號,獸醫師,開業,國立台中高農附設家畜醫院,陳婷婷,2002/05/29,台中市台中路283號
台中市,中市獸醫師開字第155號,獸醫師,開業,惠生動物醫院,謝瑞生,2002/05/28,台中市北屯區山西路二段二一九號
新北市,北縣獸醫業字第134號,獸醫師,開業,佳安動物醫院,羅有論,2002/05/08,新北市板橋區四川路一段二三四號
嘉義縣,嘉府獸師開字第35號,獸醫師,開業,存盈家畜醫院,張允諒,2002/05/07,嘉義縣民雄鄉東榮村文化路24之4號
屏東縣,屏獸開字第64號,獸醫師,開業,家犬動物醫院,王敏枝,2002/04/22,屏東市中正路193號
桃園市,桃獸師開執字第113號,獸醫師,開業,禾原動物醫院,陳威廷,2002/04/12,桃園市大有路159號
台北市,北市獸業字第321號,獸醫師,開業,中研動物醫院,楊孝柏,2002/03/27,臺北市研究院路一段七十二號一F
新北市,北縣獸醫業字第131號,獸醫師,開業,同安動物醫院,姚聖林,2002/03/26,永和區中山路一段二三三號一樓
新北市,北縣獸醫業字第130號,獸醫師,開業,丘原動物醫院,邱俊源,2002/03/20,新莊區公園路一六０號一樓
台東縣,東府獸師開字第11號,獸醫師,開業,崇仁動物醫院,許敏輝,2002/03/13,台東市更生路574號
高雄市,高縣獸醫開字第220號,獸醫師,開業,鳳屏動物醫院,吳昆和,2002/03/07,高雄市大寮區中莊里鳳屏一路658號
新北市,北縣獸醫業字第127號,獸醫師,開業,永吉家畜醫院,李坤昇,2002/03/01,新北市新莊區新泰路158號
台北市,北市獸業字第20號,獸醫師,開業,萬國家畜醫院,張博麟,2002/02/19,台北市新生南路二段80-3號1樓
台東縣,東府獸師開字第6號,獸醫師,開業,瑞興動物醫院,林瑞光,2002/01/08,台東市更生路540號
台中市,中縣畜開字第92號,獸醫師,開業,中泰動物醫院,沈世雄,2002/01/04,台中市豐原區圓環南路117號
高雄市,高縣獸醫開字第77號,獸醫師,開業,傑美動物醫院,林國銘,2002/01/03,高雄市仁武區仁和里仁忠路192號
花蓮縣,府農畜開字第14號,獸醫師,開業,向陽動物醫院,蕭銘菎,2001/12/26,花蓮縣壽豐鄉中山路6段174號
雲林縣,雲診字第59號,獸醫師,開業,久源動物醫院,楊博文,2001/12/14,麥寮鄉中山路350號
彰化縣,彰府農防師字第64號,獸醫師,開業,濟生獸醫院,馮森盛,2001/11/27,彰化縣員林鎮靜修路67-2號
花蓮縣,府農畜開字第15號,獸醫師,開業,楊動物醫院,楊衍明,2001/11/23,花蓮市中原路552號
嘉義縣,嘉縣獸師開字第34號,獸醫師,開業,慈愛家畜診所,陳忠成,2001/11/22,嘉義縣義竹鄉龍蛟村2之2號
新北市,北縣獸醫業字第123號,獸醫師,開業,竹林動物醫院,吳孟才,2001/11/21,永和區竹林路133-2號
台北市,北市獸業字第319號,獸醫師,開業,劍橋動物醫院,翁伯源,2001/11/19,臺北市忠誠路一段102號一樓
花蓮縣,府農畜開字第13號,獸醫師,開業,蕙康動物醫院,林亦謙,2001/11/19,花蓮市和平路635號
雲林縣,雲診字第58號,獸醫師,開業,樺樺動物醫院,陳加樺,2001/11/07,雲林縣北港鎮大同里文化路116號
嘉義縣,嘉縣獸醫師開字第33號,獸醫師,開業,日盛動物醫院,楊博盛,2001/10/25,嘉義縣太保市祥和三路東段266號
新北市,北縣獸醫業字第120號,獸醫師,開業,鶯歌獸醫院,葉一仙,2001/10/16,新北市鶯歌區文化路三八三號
高雄市,高縣獸醫開字第218號,獸醫師,開業,青峰獸醫院,李要賜,2001/10/05,高雄市林園區林園里福興街137號
雲林縣,雲診字第57號,獸醫師,開業,海陸翔賽鴿動物醫院,吳佳隆,2001/09/07,西螺鎮光復東路7號
屏東縣,屏獸開字第61號,獸醫師,開業,福爾摩莎動物醫院,林坤輝,2001/07/30,屏東縣內埔鄉光明路525-1號
台南市,南縣獸師診開字第157號,獸醫師,開業,寶健動物醫院,顏明雄,2001/07/26,柳營區篤農村小腳腿251之62號
台北市,北市獸業字第98號,獸醫師,開業,加洲動物醫院,蔡俊佑,2001/07/25,臺北市內湖區文德路九號一樓
雲林縣,雲診字第56號,獸醫師,開業,集美家畜醫院,林容新,2001/07/19,麥寮鄉中山路383號
彰化縣,彰府農畜師字第63號,獸醫師,開業,詹動物醫院,,2001/06/21,永靖鄉中山路一段837號
高雄市,高縣獸醫開字第214號,獸醫師,開業,松旺動物醫院,張偉松,2001/06/15,高雄市杉林區上平里山仙路47-2號
彰化縣,彰府農防師字第62號,獸醫師,開業,生建動物醫院,顏尊德,2001/06/13,彰化縣埔鹽鄉彰水路一段365巷2號
彰化縣,彰府農畜師字第58號,獸醫師,開業,嘉惠動物醫院,黃志諺,2001/06/13,彰化市永安街277巷10號
彰化縣,彰府農畜師字第57號,獸醫師,開業,昶生獸醫院,蔡春淵,2001/06/13,員林鎮惠明街26號
台南市,南縣獸師診開字第155號,獸醫師,開業,林惠卿動物醫院,林惠卿,2001/06/08,佳里區子龍里176之1號
新北市,北縣獸醫業字第116號,獸醫師,開業,聖愛動物醫院,余基政,2001/06/01,新北市淡水區中正東路6號
新北市,北縣獸醫業字第114號,獸醫師,開業,聖安動物醫院,姚正峰,2001/05/23,新北市新莊區中港路256號
台北市,北市獸業字第314號,獸醫師,開業,長青動物醫院,林長青,2001/05/15,臺北市廣州街78號1樓
桃園市,桃獸師開執字第54號,獸醫師,開業,中華動物醫院,林庭光,2001/04/25,桃園市蘆竹區中正路229號
雲林縣,雲診字第54號,獸醫師,開業,聖譓家畜診所,郭君明,2001/04/19,虎尾鎮和平路29號
嘉義縣,嘉縣獸醫師開字第31號,獸醫師,開業,仁友動物診所,陳慶茂,2001/04/11,嘉義縣義竹鄉埤前村1鄰埤子頭183號
彰化縣,彰府農防師開字第59號,獸醫師,開業,百果山動物診所,鍾伉,2001/03/26,員林鎮員水路一段228號
台南市,南縣獸師診開字第154號,獸醫師,開業,偉翔動物醫院,洪肅穆,2001/03/22,鹽水區月津路23號
高雄市,高縣獸醫開字第211號,獸醫師,開業,奕良家畜醫院,余慶林,2001/03/07,高雄市左營區新莊一路183號
高雄市,高市獸師開字第180號,獸醫師,開業,復興動物醫院,王斐正,2001/03/02,高雄市苓雅區復興二路148號
屏東縣,屏獸開字第60號,獸醫師,開業,民生動物醫院,楊鴻鈞,2001/02/20,屏東市民生路61-23號
宜蘭縣,府農畜字第18173號,獸醫師,開業,順昇家畜醫院,黃昇乾,2001/02/19,宜蘭市中華路97號
新北市,北縣獸醫業字第109號,獸醫師,開業,福德獸醫院,段輝煌,2001/02/16,土城區中央路一段228號1樓
高雄市,高縣獸醫開字第62號,獸醫師,開業,新國太動物診所,李水蓮,2001/01/19,高雄市岡山區柳橋西路22-2號
高雄市,高縣獸醫開字第208號,獸醫師,開業,永和動物診所,湯木桐,2001/01/19,高雄市旗山區旗文路111-1號
新北市,北縣獸醫業字第108號,獸醫師,開業,林動物診所,林清淡,2001/01/19,三峽區秀川街四號
雲林縣,雲診字第52號,獸醫師,開業,第一家畜醫院,劉學文,2000/12/27,斗六市鎮西里保長路46-2號
高雄市,高縣獸醫開字第32號,獸醫師,開業,福壽家畜醫院,鄭賢義,2000/12/15,高雄市岡山區正言街68號
雲林縣,雲診字第49號,獸醫師,開業,畜昌行動物診所,陳東銘,2000/12/14,斗南鎮西歧里建國一路65號
雲林縣,雲診字第51號,獸醫師,開業,永興家畜診所,溫朝煥,2000/12/14,褒忠鄉三民路147巷6-2號
雲林縣,雲診字第50號,獸醫師,開業,大晉動物醫院,林晉央,2000/12/14,土庫鎮民生路110-2號
高雄市,高縣獸醫開字第121號,獸醫師,開業,中山動物醫院,高達聰,2000/12/07,高雄市鳳山區中山路41號
台南市,南市獸開字第14號,獸醫師,開業,建成獸醫院,陳士元,2000/12/05,台南市公園路535號
高雄市,高縣獸醫開字第55號,獸醫師,開業,忠興家畜診所,莊哲豪,2000/12/02,高雄市大社區中山路98號
台北市,北市獸業字第285號,獸醫師,開業,華遠動物醫院,李明彥,2000/12/01,臺北市中山區長春路336號1樓
新北市,北縣獸醫業字第105號,獸醫師,開業,佳生動物醫院,張仁川,2000/11/21,土城區青雲路37之2號
高雄市,高縣獸醫開字第98號,獸醫師,開業,聯華動物醫院,蘇宗讓,2000/11/21,高雄市湖內區公館里中華街229號
台北市,北市獸業字第308號,獸醫師,開業,中英動物醫院,吳大中,2000/11/11,台北市北投區中央北路一段149號
高雄市,高縣獸醫開字第21號,獸醫師,開業,惠犬獸醫院,張勝炫,2000/11/08,高雄市鳳山區中山西路62號
高雄市,高縣獸醫開字第36號,獸醫師,開業,凡賽爾動物醫院,陳正祐,2000/11/07,高雄市鳳山區五甲二路399號
高雄市,高縣獸醫開字第46號,獸醫師,開業,中心動物醫院,黃恭喜,2000/11/07,高雄市鳳山區光遠路262號
高雄市,高縣獸醫開字第45號,獸醫師,開業,大豐獸醫院,陳石城,2000/11/04,高雄市岡山區後興北路3號
高雄市,高縣獸醫開字第52號,獸醫師,開業,光復動物醫院,吳健琛,2000/10/24,高雄市鳳山區經武路206號
台中市,中縣畜開字第89號,獸醫師,開業,民昇動物醫院,翁敏召,2000/10/16,台中市神岡區中山路509號
桃園市,桃獸師開執字第106號,獸醫師,開業,中央動物醫院,謝許來,2000/10/12,桃園市中壢區中央西路2段84號
高雄市,高縣獸醫開字第16號,獸醫師,開業,李滿同犬醫院,李滿同,2000/10/07,高雄市鳳山區中山西路254號
高雄市,高縣獸醫開字第206號,獸醫師,開業,復安家畜醫院,吳明得,2000/10/03,高雄市阿蓮區復安里復安60號
新北市,北縣獸醫業字第104號,獸醫師,開業,仁心動物醫院,連永川,2000/09/26,中和區南華路六十號
高雄市,高縣獸醫開字第205號,獸醫師,開業,慶達獸醫院,紀永模,2000/09/26,高雄市旗山區延平路748號
台中市,中市獸醫師開字第149號,獸醫師,開業,成大動物醫院,陳偉立,2000/09/14,台中市南區南平路16號
新北市,北縣獸醫業字第102號,獸醫師,開業,黃動物醫院,黃士璞,2000/09/13,淡水區北新路31號1樓
新北市,北縣獸醫業字第101號,獸醫師,開業,上哲動物醫院,王昌瑋,2000/09/11,淡水區學府路4號
台南市,南市獸開字第85號,獸醫師,開業,廣慈動物醫院,林昆逸,2000/09/11,台南市府前路二段199號
桃園市,桃獸師開執字第103號,獸醫師,開業,人人動物醫院,鄧福根,2000/09/07,"桃園市龍潭區北龍路122號,126巷2號"
台北市,北市獸業字第254號,獸醫師,開業,長慶動物醫院,范長慶,2000/09/01,台北市內湖區東湖路7巷七號1樓
台北市,北市獸業字第291號,獸醫師,開業,太僕動物醫院,吳明峯,2000/09/01,台北市龍江路260號
台南市,南縣獸師診開字第151號,獸醫師,開業,新長庚動物醫院,洪宏明,2000/08/11,台南市永康區忠孝路445號
高雄市,高縣獸醫開字第129號,獸醫師,開業,路竹動物醫院,郭振明,2000/07/29,高雄市路竹區中山路468號
高雄市,高縣獸醫開字第35號,獸醫師,開業,立和動物診所,謝金水,2000/07/15,高雄市鳳山區新興里維新路153號
南投縣,投府農畜師開字第18號,獸醫師,開業,德陽動物醫院,蔡奇政,2000/07/11,南投縣竹山鎮集山路3段331號
新北市,北縣獸醫業字第99號,獸醫師,開業,全祐獸醫院,陳專祐,2000/07/04,新莊區壽山路4號
新北市,北縣獸醫業字第96號,獸醫師,開業,增安動物醫院,劉明鑫,2000/05/23,蘆洲區中山一路一六九號
台中市,中縣畜開字第87號,獸醫師,開業,豐源動物醫院,蔡駿璿,2000/05/23,台中市潭子區頭家村中山路一段172號
台南市,南市獸開字第34號,獸醫師,開業,高生動物醫院,涂旺燈,2000/05/17,台南市安中路3段228號
新北市,北縣獸醫業字第94號,獸醫師,開業,牧平動物醫院,葉張平,2000/05/09,新莊區公園路122號1樓
台南市,南市獸開字第32號,獸醫師,開業,旺旺動物醫院,施明良,2000/05/05,台南市中華北路2段15號
台南市,南市獸開字第26號,獸醫師,開業,吉泰犬病院,蘇忠良,2000/05/05,台南市裕農路308號
桃園市,桃府獸字第101號,獸醫師,開業,哲安動物醫院,張哲維,2000/04/28,桃園市中山路632號
新北市,北府畜醫業字第144號,獸醫師,開業,來旺旺動物醫院,陳位全,2000/03/27,三重區三和路四段266號1樓
高雄市,高市獸開字第177號,獸醫師,開業,台安動物醫院,陳德元,2000/03/23,高雄市苓雅區四維二路96-3號及地下室
屏東縣,屏獸開字第56號,獸醫師,開業,成功動物醫院,林志達,2000/02/25,屏東市勝利路208-2號
台南市,南縣獸師診開字第150號,獸醫師,開業,英山動物醫院(特約),簡英山,2000/02/09,台南市麻豆區新建里麻學路一段15-3號9樓
桃園市,桃獸師開執字第100號,獸醫師,開業,加州動物醫院,王文憲,2000/01/07,中壢市環中東路860號
台中市,中市獸醫師開字第148號,獸醫師,開業,崇倫動物醫院,林振益,2000/01/05,台中市南區忠明南路578號
屏東縣,屏獸開字第55號,獸醫師,開業,佑生家畜醫院,吳瑞泰,1999/12/13,潮州鎮三星里福星路39號
台南市,南縣獸師診開字第149號,獸醫師,開業,阿山動物醫院,葉明志,1999/12/10,台南市關廟區中山路一段211號
屏東縣,屏獸開字第54號,獸醫師,開業,樂犬獸醫院,陳聯槍,1999/11/15,屏東市中正路610號
高雄市,高市獸開字第176號,獸醫師,開業,仁集動物醫院,蔡佩璋,1999/11/02,高雄市左營區民族一路1028-13號
台中市,中縣畜開字第84號,獸醫師,開業,慈濟動物醫院,鄧有為,1999/10/22,台中市大里區大明街312號
新北市,北縣獸醫業字第87號,獸醫師,開業,雅旺動物醫院,彭志誠,1999/10/19,新北市蘆洲區民族路522號
高雄市,高雄獸師開字第175號,獸醫師,開業,弘恩動物醫院,鄭景文,1999/10/16,高雄市新興區五福二路152號1樓
嘉義市,府建農字第69號,獸醫師,開業,民族獸醫院,蕭協其,1999/10/15,嘉義市中山路650號
新北市,北縣獸醫業字第86號,獸醫師,開業,泰安動物醫院,簡子寧,1999/10/12,永和區中正路603號
桃園市,桃獸師開執字第98號,獸醫師,開業,南崁動物醫院,吳德晃,1999/10/08,蘆竹鄉南崁中正路379號
台中市,中市獸醫師開字第146號,獸醫師,開業,冠生動物醫院,林冠壯,1999/10/05,臺中市西屯區河南路二段108號
台中市,中市獸醫師開字第145號,獸醫師,開業,春天動物醫院,林棠棣,1999/10/01,台中市北屯區進化北路294號
台北市,北市獸業字第301號,獸醫師,開業,啟正動物醫院,謝崎正,1999/10/01,台北市南港路一段289之1號1樓
桃園市,桃獸師開執字第8號,獸醫師,開業,新世紀獸醫院,鄭宗鎧,1999/09/22,桃園市萬壽路三段179號
屏東縣,屏獸開字第52號,獸醫師,開業,正安動物醫院,邱哲明,1999/09/17,屏東市公裕街142號
苗栗縣,苗縣獸師開字第9號,獸醫師,開業,健生動物醫院,柯銘鈿,1999/09/14,
屏東縣,屏獸開字第51號,獸醫師,開業,忠興動物醫院,陳珍洋,1999/09/14,東港鎮中正路一段112號
台南市,南縣獸師診開字第148號,獸醫師,開業,慈愛動物醫院,黃彥勳,1999/09/02,台南市永康區中華路591號
新北市,北縣獸醫業字第84號,獸醫師,開業,愛樺動物醫院,馬嘉君,1999/08/25,蘆洲區民族路60號
桃園市,桃獸師開執字第93號,獸醫師,開業,大安動物醫院,丘立信,1999/08/21,桃園市三民路一段24號
桃園市,桃獸師開執字第95號,獸醫師,開業,第一動物醫院,劉雙強,1999/08/21,桃園市八德區介壽路2段464號
台南市,南市獸開字第79號,獸醫師,開業,南光動物醫院,余健暉,1999/08/19,台南市中華南路1段122號
彰化縣,彰府農畜師字第55號,獸醫師,開業,興旺動物醫院,江樹炷,1999/08/07,彰化市進德路90號
彰化縣,彰府農畜師字第51號,獸醫師,開業,博愛動物醫院,張天賜,1999/08/04,彰化市中山路二段955號
嘉義市,府建農字第65號,獸醫師,開業,小可愛動物醫院,郭明仁,1999/08/01,嘉義市金龍街155號
嘉義縣,嘉府獸師開字第26號,獸醫師,開業,永安家畜醫院,楊勝隆,1999/08/01,嘉義縣新港鄉福德路112號
嘉義市,府建農字第66號,獸醫師,開業,高品動物醫院,李建忠,1999/08/01,嘉義市中興路489號
高雄市,高市獸開字第172號,獸醫師,開業,南高生綜合動物醫院,鍾怡春,1999/07/15,高雄市三民區建德路133號
新北市,北縣獸醫業字第82號,獸醫師,開業,蓮心動物醫院,李維淵,1999/07/15,五股區工商路40號1樓
高雄市,高縣獸醫開字第159號,獸醫師,開業,林園動物醫院,李順清,1999/07/12,高雄市林園區林園里林園北路434號
雲林縣,雲診字第46號,獸醫師,開業,雲偉家畜醫院,何榮心,1999/07/07,斗南鎮光和路17巷3號2樓
新北市,北縣獸醫業字第80號,獸醫師,開業,慶生動物醫院,曹思源,1999/06/23,永和區得和路261號
台南市,南縣獸師診開字第145號,獸醫師,開業,劉獸醫院,劉天送,1999/05/26,台南市仁德區後壁村中正路二段215號
高雄市,高縣獸醫開字第141號,獸醫師,開業,佳佑動物醫院,許義政,1999/04/20,高雄市仁武區大豐路112號
新北市,北縣獸醫業字第76號,獸醫師,開業,躍生動物醫院,屈家信,1999/04/06,板橋區民權路258之2號1樓
台中市,中縣畜開字第80號,獸醫師,開業,欣欣動物醫院,劉佩婕,1999/04/03,台中市大里區立新街226號
高雄市,高縣獸醫開字第75號,獸醫師,開業,育千動物醫院,陳建宏,1999/03/29,高雄市鳳山區中山西路255號
台南市,南縣獸師診開字第143號,獸醫師,開業,快樂動物醫院,姚人傑,1999/03/20,台南市永康區復興路378號
台南市,南市獸開字第77號,獸醫師,開業,甜心動物醫院,邱長文,1999/03/04,臺南市永康區勝利街1巷56號
新北市,北縣獸醫業字第74號,獸醫師,開業,康和動物醫院,黃雪凌,1999/03/01,新店區中正路429號1樓
高雄市,高縣獸醫開字第104號,獸醫師,開業,弘晟動物醫院,黃弘,1999/02/26,高雄市仁武區仁福里仁安三巷24號
台南市,南縣獸師診開字第142號,獸醫師,開業,啟仁動物醫院,顏昭成,1999/02/20,台南市善化區大成路144號
新竹市,竹市建農字第7314號,獸醫師,開業,光華動物醫院,游振銘,1999/02/02,新竹市水田街177號
屏東縣,屏獸開字第49號,獸醫師,開業,鍾獸醫動物醫院,鍾璋松,1999/01/25,屏東縣鹽埔鄉鹽北村中山路52號
新北市,北縣獸醫業字第72號,獸醫師,開業,馥御動物醫院,李建源,1999/01/22,樹林區中山路一段201號1樓
屏東縣,屏獸開字第48號,獸醫師,開業,廣安家畜醫院,陳秋武,1999/01/13,屏東市中正路562號
新北市,北縣獸醫業字第69號,獸醫師,開業,泰林動物醫院,張開運,1998/12/11,泰山區泰林路二段204號
台北市,北市獸業字第295號,獸醫師,開業,弘愛犬貓專科醫院,葉昶輝,1998/12/11,台北市大同區民生西路105號1樓
新北市,北縣獸醫業字第68號,獸醫師,開業,愛生動物醫院,吳宗翰,1998/12/10,三重區自強路四段107號
雲林縣,雲診字第45號,獸醫師,開業,永安動物醫院,林玄正,1998/12/08,西螺鎮光復西路64號
高雄市,高縣獸醫開字第153號,獸醫師,開業,慈濟動物醫院,鄭家卉,1998/12/08,高雄市鳳山區五甲三路179號
屏東縣,屏獸開字第47號,獸醫師,開業,皮皮狗貓專科醫院,王楷,1998/12/07,內埔鄉光明路605號
台北市,北市獸業字第284號,獸醫師,開業,恩孺動物診所,連于欣,1998/12/01,台北市金山南路1段92號1樓
台中市,中縣畜開字第79號,獸醫師,開業,潭子家畜醫院,陳銘皓,1998/11/20,台中市潭子區中山路二段305號
台中市,中市獸醫師開字第141號,獸醫師,開業,大安動物醫院,徐正懷,1998/11/06,台中市東區十甲路230號
台南市,南市獸開字第76號,獸醫師,開業,奇美動物醫院,葉燦盛,1998/10/23,臺南市北區北安路一段89號
新北市,北縣獸醫業字第66號,獸醫師,開業,景新動物醫院,胡世雄,1998/10/19,中和區景新街473號1樓
基隆市,基市獸開字第10號,獸醫師,開業,基隆愛犬醫院,張錦龍,1998/09/24,基隆市義一路188號
基隆市,基市獸開字第8號,獸醫師,開業,成安動物醫院,周清瞭,1998/09/24,基隆市成功二路54號
屏東縣,屏獸開字第45號,獸醫師,開業,上海水產動物醫院,林上海,1998/09/23,屏東縣佳冬鄉羌園村羌光路3-37號
基隆市,基市獸開字第5號,獸醫師,開業,七堵動物醫院,張嘉晉,1998/09/16,基隆巿七堵區明德一路125號
基隆市,基市獸開字第7號,獸醫師,開業,慈仁動物醫院,王子瑋,1998/09/16,基隆市安一路107號
新北市,北縣獸醫業字第63號,獸醫師,開業,永生獸醫院,張嘉禾,1998/09/16,淡水區水源里楓樹湖12-6號
基隆市,基市獸開字第3號,獸醫師,開業,中興動物醫院,張豪炯,1998/09/16,基隆巿仁二路138號
基隆市,基府獸開字第6號,獸醫師,開業,旺旺動物醫院,,1998/09/16,基隆市中興路26號
基隆市,基府獸開字第4號,獸醫師,開業,林犬貓專科醫院,林琦盛,1998/09/16,基隆市信義區信二路106號
屏東縣,屏獸開字第44號,獸醫師,開業,瑞生動物醫院,趙瑞生,1998/09/03,屏東市重慶路69號
台南市,南縣獸師診開字第141號,獸醫師,開業,良牧家畜醫院,邱瑞瀛,1998/09/01,台南市東山區東正村261號
新竹市,竹市建農字第64112號,獸醫師,開業,旺鑫動物醫院,吳永鑫,1998/08/24,新竹市光復路一段268巷13號
台北市,北市獸業字第287號,獸醫師,開業,台欣動物醫院,邱銘助,1998/08/24,台北市松山區健康路187號1樓
澎湖縣,澎府農務字第51674號,獸醫師,開業,愛犬動物醫院,康必昌,1998/08/20,澎湖縣馬公市中華路293號
雲林縣,雲診字第44號,獸醫師,開業,中美動物醫院,歐健成,1998/08/05,斗南鎮中天里順安街173號
嘉義市,府建農字第58號,獸醫師,開業,上哲動物醫院,黃于哲,1998/08/05,嘉義市東區吳鳳北路259號
高雄市,高縣獸醫開字第91號,獸醫師,開業,聯強動物醫院,周耕仰,1998/08/03,高雄市鳳山區南福街200號
澎湖縣,澎府農務字第47271號,獸醫師,開業,佑青動物醫院,郭仁熀*,1998/07/31,澎湖縣馬公市中華路308號
台中市,中縣畜開字第77號,獸醫師,開業,宜家動物醫院,楊文慶,1998/07/30,臺中市大里區國光路二段555-5及555-6號
高雄市,高縣獸醫開字第149號,獸醫師,開業,惠康動物醫院,陳志龍,1998/07/04,高雄市鳳山區光遠路18號
高雄市,高縣獸醫開字第148號,獸醫師,開業,人人動物醫院,謝宗翰,1998/06/26,高雄市大寮區鳳林三路827號
嘉義縣,嘉府獸師開字第20號,獸醫師,開業,全美動物醫院,張振芳,1998/06/01,嘉義縣東石鄉溪下村74號
台北市,北市獸業字第283號,獸醫師,開業,台北動物醫院,許泰裕,1998/05/21,台北市松山區光復北路164號1樓
屏東縣,屏獸開字第40號,獸醫師,開業,嘉惠動物醫院,黃嘉榮,1998/05/14,里港鄉里港路133號
台中市,中縣畜開字第75號,獸醫師,開業,中興動物醫院,翁源成,1998/05/08,烏日區中山路一段455號
台中市,中市獸醫師開字第134號,獸醫師,開業,潮慶動物醫院,顏朝洲,1998/05/07,台中市漢口路三段171號
台中市,中縣畜開字第74號,獸醫師,開業,吉米哈利動物醫院,詹奇芳,1998/04/30,台中市龍井區遊園路97號
新北市,北縣獸醫業字第57號,獸醫師,開業,延吉動物醫院,陳俊傑,1998/04/22,新北市永和區永貞路82號
台中市,中市獸醫師開字第133號,獸醫師,開業,梅島動物醫院,涂潔明,1998/04/20,台中市西屯區西屯路三段148之37號
雲林縣,雲診字第42號,獸醫師,開業,土庫家畜診所,陳振欽,1998/04/16,土庫鎮石廟里復興路107號
新竹市,竹市建農字第26515號,獸醫師,開業,加賀動物醫院,林聞櫃,1998/04/14,新竹市中華路二段613號
嘉義市,府建農字第45號,獸醫師,開業,國立嘉義大學農學院附設動物醫院,吳瑞得,1998/04/08,嘉義市新民路580號
雲林縣,雲診字第41號,獸醫師,開業,順興家畜診所,林忠秋,1998/04/03,虎尾鎮公安路344號
花蓮縣,府農畜開字第10號,獸醫師,開業,玉里動物醫院,黃金國,1998/03/31,花蓮縣五里鎮光復路120號
雲林縣,雲診字第40號,獸醫師,開業,茂豐動物醫院,許良吉,1998/03/30,麥寮鄉麥津村中山路412-1號
屏東縣,屏獸開字第37號,獸醫師,開業,泰棟獸醫院,黃和靖,1998/03/23,屏東市公館里公成路14號
高雄市,高雄獸師開字第161號,獸醫師,開業,勇翔動物醫院,劉勇麟,1998/03/09,高雄市楠梓區常德路308號
嘉義縣,嘉府獸師開字第19號,獸醫師,開業,全生動物醫院,顏國基,1998/03/01,嘉義縣朴子市永和里38-27號
屏東縣,屏獸開字第34號,獸醫師,開業,光華動物醫院,蘇炳煌,1998/02/21,屏東市和平路66號
台南市,南縣獸師診開字第140號,獸醫師,開業,弘達動物醫院,何莉芳,1998/01/14,台南市新營區隨唐街51號
雲林縣,雲診字第39號,獸醫師,開業,大安家畜醫院,黃玉章,1997/12/30,斗南鎮東仁里南昌路34號
屏東縣,屏獸開字第17號,獸醫師,開業,志懋家畜醫院,林志懋,1997/12/28,屏東縣新埤鄉新埤村新中路89號
新北市,北縣獸醫業字第53號,獸醫師,開業,民生動物醫院,章焜程,1997/12/26,新北市三重區正義北路296號1樓
桃園市,桃獸師執字第80號,獸醫師,開業,新桃園犬貓專科醫院,林正義,1997/12/20,桃園市中山路690之1號
高雄市,高雄獸師開字第159號,獸醫師,開業,天仁動物醫院,蔡宗諺,1997/12/13,高雄市前鎮區草衙一路17號
雲林縣,雲診字第36號,獸醫師,開業,志成動物醫院,林志成,1997/12/11,虎尾鎮西安里林森路二段395號
屏東縣,屏獸開字第32號,獸醫師,開業,俊維家畜診所,蘇吉弘,1997/12/11,萬巒鄉村民和路122號
新竹縣,竹縣字第9號,獸醫師,開業,佑安犬貓醫院,羅仕旺,1997/11/26,新竹縣竹北市中華路135號
嘉義市,八五府建農字第字第51號,獸醫師,開業,平愛動物醫院,何信裕,1997/11/22,嘉義市興業西路371號
台南市,南縣獸師診開字第138號,獸醫師,開業,佳興家畜診所,莊源明,1997/11/20,台南市佳里區禮化里318號
桃園市,桃獸師開執字第17號,獸醫師,開業,高生動物醫院,曾宏之,1997/11/07,桃園市中山路419號
桃園市,桃府獸字第35號,獸醫師,開業,中信動物醫院,諸葛孝民,1997/11/07,中壢市環中東路二段380號
雲林縣,雲診字第33號,獸醫師,開業,英全動物醫院,廖坤淼,1997/11/06,雲林縣二崙鄉義庄村新庄路129號
新北市,北縣獸醫業字第50號,獸醫師,開業,家德動物醫院,蘇永順,1997/11/04,樹林區文化街100號
嘉義縣,嘉府獸師開字第17號,獸醫師,開業,柏臺動物醫院,傅柏臺,1997/11/01,嘉義縣民雄鄉福樂里光明二街228號
台南市,南市獸開字第45號,獸醫師,開業,佳愛動物醫院,朱明泉,1997/10/23,台南市崇明路167號
台南市,南縣獸師診開字第136號,獸醫師,開業,正達家畜診所,許正成,1997/10/22,臺南市歸仁區歸仁里文化街ㄧ段143號
雲林縣,雲診字第30號,獸醫師,開業,大和家畜診所,廖笙宏,1997/10/21,雲林縣西螺鎮漢光里中正路171巷5號
台中市,中縣畜開字第71號,獸醫師,開業,立安動物醫院,廖子誼,1997/10/20,台中市豐原區向陽路243號
台南市,南縣獸師診開字第134號,獸醫師,開業,平安動物醫院,許博榮,1997/10/18,台南市永康區中華路16號
新北市,北縣獸醫業字第47號,獸醫師,開業,大寶動物醫院,林秋嬌,1997/10/17,新北市蘆洲區仁德里二鄰信義路235巷2號
新北市,北縣獸醫業字第44號,獸醫師,開業,和生動物醫院,簡奉賢,1997/10/15,新北市中和區連城路273號
新竹市,竹市建農字第76732號,獸醫師,開業,宏仁動物醫院,倪清龍,1997/10/14,新竹市民富街57號
雲林縣,雲診字第28號,獸醫師,開業,四湖動物診所,蔡勝宗,1997/10/04,雲林縣四湖鄉湖寮村下寮67號
雲林縣,雲診字第26號,獸醫師,開業,佑晟動物醫院,孔紀良,1997/10/04,雲林縣斗南鎮順安街30號
雲林縣,雲診字第27號,獸醫師,開業,佳畜動物診所,高稚綽,1997/10/04,雲林縣虎尾鎮下溪里大庄37-32號
雲林縣,雲診字第29號,獸醫師,開業,聯益家畜診所,蔡振村,1997/10/04,雲林縣斗六市西平路18-1號
新北市,北縣獸醫業字第40號,獸醫師,開業,佳護動物醫院,楊永煌,1997/09/30,新莊區福壽街212號
台北市,北市獸業字第232號,獸醫師,開業,中美獸醫院,簡慶源,1997/09/24,台北大安區瑞安街180巷2號1樓
屏東縣,屏獸開字第30號,獸醫師,開業,連興家畜醫院,陳連興,1997/09/22,內埔鄉內田村學人路717號
台南市,南縣獸師診開字第133號,獸醫師,開業,長庚動物醫院,施慶源,1997/09/22,台南市新營區中山路174號
台南市,南縣獸師診開字第132號,獸醫師,開業,吉陽動物醫院,李宗錞,1997/09/09,台南市新營區新進路二段96號
屏東縣,屏獸開字第26號,獸醫師,開業,鴻愛動物醫院,林清謀,1997/09/08,潮州鎮新榮里新生路19-2號
屏東縣,屏獸開字第24號,獸醫師,開業,百齡動物醫院,蕭恩沛,1997/08/22,屏東市大連路62-15號
屏東縣,屏獸開字第23號,獸醫師,開業,麟洛家畜醫院,李岡星,1997/08/18,麟洛鄉麟趾村中正路75號
屏東縣,屏獸開字第22號,獸醫師,開業,鈺德家畜醫院,江梅正,1997/08/12,長治鄉新潭村(巷)26-1號
台中市,中市獸醫師開字第129號,獸醫師,開業,國立中興大學獸醫教學醫院,張仕杰,1997/08/11,台中市國光路250-1號
台南市,南市獸開字第60號,獸醫師,開業,陽明動物醫院,張文舉,1997/07/25,台南市崇學路198號
台東縣,東府獸師開字第3號,獸醫師,開業,畜安動物診所,宋陽中,1997/07/14,台東市光明里13鄰新成街20號
屏東縣,屏獸開字第21號,獸醫師,開業,宏仁犬貓動物醫院,林勝宏,1997/07/02,屏東市民權路40號
新北市,北縣獸醫業字第36號,獸醫師,開業,淡水動物醫院,鹿介生,1997/07/01,新北市淡水區中山路159-2號1樓
新竹市,竹市建農字第45106號,獸醫師,開業,懷生動物醫院,曾鈺鈴,1997/06/21,新竹市光復路一段125號
新竹市,竹市建農字第45102號,獸醫師,開業,全美動物醫院,陳明遠,1997/06/21,新竹市四維路96號1樓
嘉義縣,嘉府獸師開字第14號,獸醫師,開業,大成動物醫院,楊德成,1997/05/21,嘉義縣中埔鄉鹽館村下庄仔50號
嘉義縣,嘉府獸師開字第13號,獸醫師,開業,頭橋動物醫院,曾家佑,1997/05/21,嘉義縣民雄鄉建國路3段110號
苗栗縣,86府農畜字第85005號,獸醫師,開業,博仁動物醫院,古吉本,1997/05/20,苗栗市至公路229號
台南市,南市獸開字第41號,獸醫師,開業,崇愛動物醫院,李漢停,1997/05/19,台南市崇明路463號
高雄市,高雄獸師開字第152號,獸醫師,開業,大揚動物醫院,李連洲,1997/05/09,高雄市鼓山區華榮路240-6號
新北市,北縣獸醫業字第30號,獸醫師,開業,雅旺動物醫院,彭志誠,1997/05/02,新北市蘆洲區民族路522號
台中市,中市獸醫師開字第126號,獸醫師,開業,永昌動物醫院,楊昌珩,1997/05/01,台中市北屯區北屯路32號
新北市,北縣獸醫業字第26號,獸醫師,開業,崇恩動物醫院,顏慶芳,1997/04/30,永和區永利路95號
新北市,北縣獸醫業字第24號,獸醫師,開業,泰山動物醫院,趙盧杰,1997/04/30,泰山區明志路一段468號
新北市,北縣獸醫業字第25號,獸醫師,開業,高登動物醫院,翁旭家,1997/04/30,新店區三民路102號
新北市,北縣獸醫業字第23號,獸醫師,開業,忠正動物醫院,蔡勝祥,1997/04/25,新北市蘆洲區中正路277號
台南市,南縣獸師診開字第130號,獸醫師,開業,瑞峰動物醫院,張瑞峰,1997/04/19,台南市新營區太北里5-14號
台中市,中縣畜開字第69號,獸醫師,開業,中美獸醫院,鍾延聰,1997/03/26,台中市豐原區三豐路167號
新北市,北縣獸醫業字第21號,獸醫師,開業,尚德動物醫院,羅章榮,1997/03/19,板橋區南雅西路2段9號
新北市,北縣獸醫業字第20號,獸醫師,開業,中山家畜醫院,黃品翰,1997/03/12,永和區中山路1段29號
台南市,南市獸開字第69號,獸醫師,開業,宏愛動物醫院,溫在政,1997/03/12,台南市東寧路331號
嘉義縣,嘉府獸師開字第11號,獸醫師,開業,元銘動物醫院,黃惠玲,1997/03/06,嘉義縣太保市北港路2段403巷251弄14號
雲林縣,雲診字第22號,獸醫師,開業,愛親獸醫院,廖偉超,1997/03/05,雲林縣斗六市永昌西街177號
嘉義市,府建農字第44號,獸醫師,開業,紀動物醫院,紀乃瑞,1997/02/01,嘉義市東區檜村里1鄰民權路208號
屏東縣,屏獸開字第20號,獸醫師,開業,永坤動物醫院,周龍謀,1997/01/27,屏東縣潮州鎮永坤路137號
台南市,南市獸開字第29號,獸醫師,開業,愛欣動物醫院,鄭素惠,1997/01/27,台南市東門路3段3-1號
台南市,南市獸開字第40號,獸醫師,開業,良和犬畜綜合醫院,陳英毅,1997/01/23,台南市東門路1段96號
台南市,南市獸開字第19號,獸醫師,開業,郭家畜醫院,郭德旺,1997/01/08,台南市明興路114號
苗栗縣,苗獸開字第85004號,獸醫師,開業,安生動物醫院,劉軍麟,1996/12/27,頭份鎮忠孝一路3號
嘉義縣,嘉府獸師開字第10號,獸醫師,開業,佳男家畜診所,周佳男,1996/12/24,嘉義縣中埔鄉社口村檨仔林66-2號
新北市,北縣獸醫業字第19號,獸醫師,開業,中心動物醫院,張肇先,1996/12/05,板橋區新海路三十號
新北市,北縣獸醫業字第18號,獸醫師,開業,新店獸醫院,葉俊龍,1996/12/04,新店區環河路15號
台北市,北市獸業字第194號,獸醫師,開業,再興動物醫院,莊秀美,1996/12/01,台北市文山區興隆路一段1號1樓
雲林縣,雲診字第19號,獸醫師,開業,永信家畜診所,鍾政芳,1996/11/30,雲林縣二崙鄉大庄村大庄路50號
台南市,南市獸開字第43號,獸醫師,開業,都嘟動物醫院,杜金海,1996/11/30,台南市北忠街146號
台南市,南市獸開字第18號,獸醫師,開業,亞洲動物醫院,張進強,1996/11/30,台南市中華北路二段8號
雲林縣,雲診字第21號,獸醫師,開業,速佳家畜診所,林宏徽,1996/11/30,雲林縣麥寮鄉麥豐村興化寮62號
雲林縣,雲診字第20號,獸醫師,開業,恩愛動物診所,廖國揚,1996/11/30,雲林縣崙背鄉南陽村中山路40-48號
新北市,北縣獸醫業字第17號,獸醫師,開業,皮皮動物醫院,林祥坦,1996/11/26,永和區中山路一段259號1樓
台中市,中市獸醫師開字第128號,獸醫師,開業,安利動物醫院,黃慶章,1996/11/26,台中市西屯區成都路325號
雲林縣,雲診字第14號,獸醫師,開業,佐益家畜診所,林慶樟,1996/11/20,雲林縣崙背鄉草134號-1
雲林縣,雲診字第17號,獸醫師,開業,三源家畜醫院,陳永雄,1996/11/20,雲林縣斗六市天祥街77號
雲林縣,雲診字第15號,獸醫師,開業,群安動物診所,徐銘佑,1996/11/20,雲林縣斗南鎮明昌里南昌西路63號
雲林縣,雲診字第18號,獸醫師,開業,順成家畜醫院,邱木昌,1996/11/20,雲林縣二崙鄉崙東村中山路1段199巷6號
雲林縣,雲診字第16號,獸醫師,開業,新德記家畜醫院,許玉芳,1996/11/20,雲林縣西螺鎮光華里平和路162號
高雄市,高雄獸師開字第150號,獸醫師,開業,回生動物醫院,吳建興,1996/11/16,高雄市新興區新田路39號
台南市,南縣獸師診開字第125號,獸醫師,開業,仁佑動物醫院,曾啟明,1996/11/09,臺南市新營區太子路53巷7弄40號
雲林縣,雲診字第13號,獸醫師,開業,宏昌家畜診所,李坤達,1996/11/06,雲林縣元長鄉合和村合和40號
新北市,北縣獸醫業字第16號,獸醫師,開業,中信動物醫院,林哲明,1996/11/05,板橋區重慶路194號
屏東縣,屏獸開字第13號,獸醫師,開業,延平動物醫院,吳碧齡,1996/11/04,屏東縣潮州鎮延平路173號
宜蘭縣,宜府農畜字第23887號,獸醫師,開業,東園動物醫院,羅浴沂,1996/11/01,宜蘭市小東路22-6號
台北市,北市獸業字第170號,獸醫師,開業,大葉動物醫院,黃仁佑,1996/11/01,台北市北投區大業路394號1樓
新北市,北縣獸醫業字第15號,獸醫師,開業,弘恩動物醫院,王海濤,1996/10/28,土城區延平街80號1樓
新北市,北縣獸醫業字第13號,獸醫師,開業,安康動物醫院,周浩民,1996/10/28,新店區安康路二段171號1樓
新北市,北縣獸醫業字第14號,獸醫師,開業,深坑動物醫院,張孝元,1996/10/28,深坑區北深路二段八十二號
屏東縣,屏獸開字第12號,獸醫師,開業,佳佳動物醫院,潘茂勝,1996/10/23,屏東縣潮州鎮新生路13-6號
彰化縣,彰府農畜師字第20號,獸醫師,開業,鹿港動物醫院,黃建輝,1996/10/14,鹿港鎮中正路402之1號
台南市,南市獸開字第68號,獸醫師,開業,人愛動物醫院,許嘉展,1996/10/11,臺南市崇學路155號
台中市,中市獸醫師開字第125號,獸醫師,開業,長生動物醫院,林銘尚,1996/10/08,台中市南屯路二段2-5號
台中市,中市獸醫師開字第123號,獸醫師,開業,鴻達動物醫院,游壽元,1996/10/05,台中市西區忠義街38巷7弄3號
台南市,南縣獸師診開字第121號,獸醫師,開業,博愛動物醫院,洪瑞章,1996/10/02,台南市麻豆區中山路153-2號
嘉義縣,嘉府獸師開字第5號,獸醫師,開業,大和動物醫院,蔡金龍,1996/10/01,嘉義縣中埔鄉中山路862號
台北市,北市獸業字第237號,獸醫師,開業,自強動物醫院,林士超,1996/09/25,台北市興隆路四段108號
高雄市,高雄獸師開字第149號,獸醫師,開業,忠信動物醫院,高振庸,1996/09/25,高雄市苓雅區和平一路149-13號
花蓮縣,府農畜開字第12號,獸醫師,開業,祐安動物醫院,吳文展,1996/09/25,花蓮縣吉安鄉仁和村海岸路296號
台南市,南縣獸師診開字第118號,獸醫師,開業,鄭勝雄家畜診所,鄭勝雄,1996/09/17,台南市後壁區竹新村38-4號
台南市,南縣獸師診開字第117號,獸醫師,開業,和平家畜診所,林鈴雄,1996/09/11,台南市麻豆區東角里民生路17-15號
台南市,南縣獸師診開字第115號,獸醫師,開業,光輝動物醫院,葉煊湘,1996/09/09,臺南市後壁區頂安里345號
嘉義縣,嘉府獸師開字第4號,獸醫師,開業,保生動物醫院,林本立,1996/09/01,嘉義縣大林鎮四維街138號
嘉義縣,嘉府獸師開字第2號,獸醫師,開業,正偉家畜醫院,謝正偉,1996/09/01,嘉義縣中埔鄉裕民村水仔尾5號
嘉義縣,嘉府獸師開字第3號,獸醫師,開業,嘉信家畜診所,林樹宗,1996/09/01,嘉義縣朴子市永和里111-4號
苗栗縣,苗獸開字第85001號,獸醫師,開業,大原獸醫院,張啟德,1996/08/31,竹南鎮中正路159號
新北市,北縣獸醫業字第10號,獸醫師,開業,台安動物醫院,周國政,1996/08/31,板橋區三民路2段204-2號
台中市,中縣畜開字第66號,獸醫師,開業,沙鹿動物醫院,紀又銘,1996/08/30,台中市沙鹿區鹿寮里成功東街92-1號
雲林縣,雲診字第12號,獸醫師,開業,福泰家畜診所,黃光山,1996/08/26,雲林縣麥寮鄉麥豐村明德街58號
高雄市,高雄獸師開字第148號,獸醫師,開業,佑康動物醫院,周建光,1996/08/23,高雄市楠梓區楠梓路71號
台南市,南縣獸師診開字第110號,獸醫師,開業,李動物醫院,李茂民,1996/08/21,台南市新化區中正路515號
台南市,南縣獸師診開字第109號,獸醫師,開業,利榮家畜醫院,林裕榮,1996/08/08,台南市新營區新北街56號
台東縣,東府獸師開字第2號,獸醫師,開業,隆益家畜醫院,賴永美,1996/08/06,台東市中華路二段337號
屏東縣,屏獸開字第9號,獸醫師,開業,富台動物醫院,鄭仁宗,1996/08/06,屏東市重慶路211號
台南市,南縣獸師診開字第108號,獸醫師,開業,巨林家畜醫院,黃民亮,1996/08/05,六甲區菁埔村林鳳營317號
台南市,南縣獸師診開字第107號,獸醫師,開業,諮群動物醫院,蘇少儀,1996/07/30,台南市柳營區旭山村山仔腳47-10號
新竹市,竹市建農字第53608號,獸醫師,開業,協和動物診所,林鈺章,1996/07/26,新竹市南大路48號
嘉義市,府建農字第38號,獸醫師,開業,九大動物醫院,徐存宏,1996/07/26,嘉義市體育路67-1號
台南市,南縣獸師診開字第100號,獸醫師,開業,祥泰動物醫院,顏修盈,1996/07/24,台南市永康區大灣路340號
台南市,南縣獸師診開字第101號,獸醫師,開業,慈恩動物醫院,洪萬枝,1996/07/24,台南市歸仁區中山路132號
台中市,中縣畜開字第65號,獸醫師,開業,人愛動物醫院,李文元,1996/07/22,台中市太平區中山路四段223號
台南市,南縣獸師診開字第99號,獸醫師,開業,六甲家畜醫院,吳國藩,1996/07/20,台南市六甲區甲東村曾文街49-3號
台南市,南縣獸師診開字第98號,獸醫師,開業,泰安家畜診所,王海杉,1996/07/19,台南市學甲區中正路140號
台南市,南縣獸師診開字第95號,獸醫師,開業,東京動物醫院,陳炫彰,1996/07/18,台南市新營區進修街99號
嘉義市,府建農字第5號,獸醫師,開業,安美動物醫院,林延歷,1996/04/16,嘉義市重興里自由路63號
台南市,南縣獸師診開字第92號,獸醫師,開業,樂仁動物醫院,沈振加,1996/07/12,台南市新營區民治路6之43號
台南市,南縣獸師診開字第93號,獸醫師,開業,三逢家畜醫院,林志聰,1996/07/12,台南市白河區蓮潭里北埔五十號
台南市,南縣獸師診開字第90號,獸醫師,開業,康翔動物醫院,連英秀,1996/07/11,新營區長榮路一段541號
南投縣,投府農畜師開字第15號,獸醫師,開業,謝宗達動物診所,謝宗達,1996/07/06,南投縣名間鄉員集路130號
台南市,南縣獸師診開字第87號,獸醫師,開業,麒麟動物醫院,薛麒麟,1996/07/05,台南市新營區新進路一段51號
新竹縣,竹縣字第6號,獸醫師,開業,昇典動物醫院,蘇坤珍,1996/07/04,新竹縣竹北市中正東路350號
屏東縣,屏獸開字第8號,獸醫師,開業,社皮家畜診所,張金超,1996/07/01,屏東縣萬丹鄉社皮村31-26號
彰化縣,彰府農畜師字第8號,獸醫師,開業,員林動物醫院,歐武雄,1996/07/01,彰化縣鋇靜修路49-3號
彰化縣,彰府農畜師字第7號,獸醫師,開業,中國動物醫院,張炳堯,1996/07/01,彰化縣員林鎮中山路二段477-1號
台南市,南市獸開字第31號,獸醫師,開業,慈愛動物醫院,陳培中,1996/06/27,台南市西門路一段473號
台中市,中市獸醫師開字第121號,獸醫師,開業,永信動物醫院,陳志峰,1996/06/26,台中市北屯區東山路一段216-22號
台南市,南市獸開字第17號,獸醫師,開業,紅琍動物醫院,黃裕昌,1996/06/24,台南市府連路190-1號
雲林縣,雲診字第11號,獸醫師,開業,培坤動物診所,陳培坤,1996/06/21,雲林縣褒忠鄉新湖村復興路30號
台南市,南市獸開字第24號,獸醫師,開業,府城動物醫院,余明憲,1996/06/21,台南市成功路418號
台南市,南市獸開字第5號,獸醫師,開業,嘉獸家畜醫院,蔡禕祐,1996/06/17,台南市府前路一段168號
台南市,南縣獸師診開字第84號,獸醫師,開業,何動物診所,何基麟,1996/06/06,台南市官田區東庄村東庄三號
雲林縣,雲診字第9號,獸醫師,開業,晉揚家畜診所,張順彬,1996/06/05,雲林縣斗六市榮譽路974巷75號
雲林縣,雲診字第10號,獸醫師,開業,成昌動物診所,洪麗玉,1996/06/05,雲林縣二崙鄉來惠村惠來路65-3號
台南市,南市獸開字第48號,獸醫師,開業,嘉陞動物醫院,陳泰安,1996/06/05,台南市永華路100號
台南市,南縣獸師診開字第83號,獸醫師,開業,長益家畜醫院,黃清和,1996/06/04,台南市下營區開化村二鄰中營118號
高雄市,高雄獸師開字第143號,獸醫師,開業,冠安動物醫院,莊寶華,1996/06/04,高雄市苓雅區中正二路131之1號
台南市,南市獸開字第62號,獸醫師,開業,立安動物醫院,"海  鯤",1996/06/03,臺南市永華路1段186號
雲林縣,雲診字第6號,獸醫師,開業,家齊動物診所,陳俞廷,1996/06/03,雲林縣褒忠鄉新湖村復興路17號
台中市,中縣畜開字第17號,獸醫師,開業,建牧動物醫院,陳建州,1996/05/29,台中市大甲區頂店里中山路一萬1010-9號
高雄市,高市獸開字第66號,獸醫師,開業,惠光家畜醫院,黃文騫,1996/05/26,高雄市苓雅區建國一路15-7號
桃園市,桃獸師開執字第66號,獸醫師,開業,日安動物醫院,"洪  聲",1996/05/23,桃園市永安路267號
彰化縣,彰府農畜師字第3號,獸醫師,開業,聯合動物醫院,林明源,1996/05/21,彰化縣溪湖鎮二溪路1段432號
高雄市,高雄獸師開字第142號,獸醫師,開業,崇仁動物醫院,蔡明倫,1996/05/20,高雄市小港區平和路43號
嘉義市,府建農字第34號,獸醫師,開業,丸三動物醫院,劉文禎,1996/05/06,嘉義市中山路234號
嘉義市,府建農字第35號,獸醫師,開業,仁愛動物醫院,詹成章,1996/05/06,嘉義市新生路214號1-2樓
新北市,北府畜醫業字第135號,獸醫師,開業,展鵬獸醫院,陳春輝,1996/05/05,新北市樹林區中正路757號
嘉義市,府建農字第16號,獸醫師,開業,裕發家畜醫院,謝添丁,1996/05/01,嘉義市民樂街122巷2號
嘉義市,府建農字第17號,獸醫師,開業,興達獸醫院,李俊億,1996/05/01,嘉義市吳鳳南路50-1號
雲林縣,雲診字第5號,獸醫師,開業,鎮東動物醫院,林聖惠,1996/04/30,雲林縣斗六市文化路298號
彰化縣,彰府農畜師字第2號,獸醫師,開業,彰南動物醫院,林世賢,1996/04/29,彰化市中化路二段48號
嘉義市,府建農字第14號,獸醫師,開業,羅山動物醫院,吳宗龍,1996/04/25,嘉義市公明路34-6號
嘉義市,府建農字第7號,獸醫師,開業,揚名動物醫院,唐榮民,1996/04/25,嘉義市吳鳳北路167號
彰化縣,彰府農畜師字第1號,獸醫師,開業,大台中動物醫院,陳清靜,1996/04/24,彰化縣員林鎮南平東街18號
雲林縣,雲診字第2號,獸醫師,開業,褒忠家畜診所,陳憲瑞,1996/04/22,雲林縣褒忠鄉中民村中正路117號
嘉義市,府建農字第6號,獸醫師,開業,旭生家畜醫院,黃大潭,1996/04/17,嘉義市世賢路四段350巷27弄6號
嘉義市,府建農字第1號,獸醫師,開業,博愛家畜診所,吳啓聖,1996/04/17,嘉義市博愛路1段389號
台中市,中市獸醫師開字第120號,獸醫師,開業,五權動物醫院,吳錫銘,1996/04/15,台中市五權路390號
新竹市,竹市建農字第22625號,獸醫師,開業,信安動物醫院,蔡東昇,1996/04/02,新竹市民權路242號
新竹市,竹市建農字第22490號,獸醫師,開業,仁心寵物醫院,呂國璋,1996/04/01,新竹市北大路130號
台北市,北市獸業字第253號,獸醫師,開業,和的獸醫院,賴偉德,1996/04/01,台北市民權東路二段152巷22弄2號
新竹市,竹市建農字第22478號,獸醫師,開業,仁德家畜醫院,林杰玄,1996/04/01,新竹市北大路300號
新竹市,竹市建農字第21129號,獸醫師,開業,中日動物醫院,洪熒娥,1996/03/25,新竹市西大路656號
新竹市,竹市建農字第21193號,獸醫師,開業,全育動物醫院,"南    松",1996/03/25,新竹市食品路423號
台中市,中市獸醫師開字第118號,獸醫師,開業,米谷動物醫院,郭信甫,1996/03/22,台中市北屯區青島路三段212-1號
高雄市,高縣獸醫開字第87號,獸醫師,開業,國民動物醫院,鄭國民,1996/03/16,高雄市燕巢區西燕里興隆巷12號
南投縣,投府農畜師開字第14號,獸醫師,開業,三信獸醫院,林智函,1996/02/22,南投市彰仁里中山街110號
南投縣,投府農畜師開字第13號,獸醫師,開業,名竹動物醫院,吳俊雄,1996/02/22,南投縣名間鄉南雅村員集路117號
高雄市,高雄獸師開字第139號,獸醫師,開業,吉生動物醫院,林耀崇,1996/02/09,高雄市前鎮區永豐路92號
台中市,中市獸醫師開字第117號,獸醫師,開業,聖心犬貓醫院,梁天民,1996/02/01,台中市崇德路一段582號
桃園市,桃府獸字第64號,獸醫師,開業,旺旺動物醫院,曾永昌,1996/01/08,桃園龍潭龍元路58號
台中市,中市獸醫師開字第127號,獸醫師,開業,永康動物醫院,彭國楨,1996/01/01,台中市西屯區永福路167號
台中市,中縣畜開字第62號,獸醫師,開業,中一寵物綜合醫院,林學志,1995/12/26,台中市大里區西榮路201號
高雄市,高雄獸師開字第138號,獸醫師,開業,平治動物醫院,莊庭昌,1995/12/12,高雄市小港區宏平路534號
高雄市,高雄獸師開字第136號,獸醫師,開業,健中動物醫院,李萬鵬,1995/12/07,高雄市三民區鼎中路230號
新北市,北府畜醫業字第158號,獸醫師,開業,長明動物醫院,梁明誠,1995/12/04,三峽區復興路83號
高雄市,高雄獸師開字第134號,獸醫師,開業,銀星動物醫院,郭建男,1995/09/20,高雄市前金區成功一路319號
高雄市,高市建獸醫字第10號,獸醫師,開業,吉盈動物醫院,陳靖艾,1995/09/11,高雄市新興區民生一路34號
新北市,北府畜醫業字第155號,獸醫師,開業,三和動物醫院,陳錦榮,1995/09/08,三重區三和路四段215巷13號
台中市,中市獸醫師開字第115號,獸醫師,開業,大佳寵物醫院,蔡祐吉,1995/09/01,台中市西區華美西街一段203號
新北市,北府畜醫業字第148號,獸醫師,開業,山盟動物醫院,翁嘉男,1995/08/12,新莊區復興路二段90號1樓
高雄市,高雄獸師開字第133號,獸醫師,開業,名人動物醫院,林顯堂,1995/08/11,高雄市小港區沿海一路202號
台中市,中市獸醫師開字第113號,獸醫師,開業,新永吉動物醫院,李振瑤,1995/08/07,台中市北屯區中清路二段840號
高雄市,高雄獸師開字第130號,獸醫師,開業,琍生動物醫院,馮琮顯,1995/07/26,高雄市三民區博愛一路273號
新北市,北府畜醫業字第147號,獸醫師,開業,信安家畜醫院,林信義,1995/07/22,新北市蘆洲區中正路142號
台中市,中市獸醫師開字第111號,獸醫師,開業,強生動物醫院,沈仲生,1995/07/01,台中市西屯區漢口路一段137號
台南市,南縣獸師開字第78號,獸醫師,開業,新東動物醫院,郭榮展,1995/06/27,台南市新營區民生路332號
高雄市,高雄獸師開字第126號,獸醫師,開業,旺根動物醫院,皇甫建民,1995/06/13,高雄市三民區鼎中路466號
高雄市,高雄獸師開字第125號,獸醫師,開業,誠宏動物醫院,黃秀蓁,1995/06/10,高雄市三民區民族一路300號
新北市,北府畜醫業字第143號,獸醫師,開業,王動物醫院,王裕君,1995/05/23,新北市土城區中央路三段141之7號一樓
台南市,南縣獸師開字第74號,獸醫師,開業,百利動物醫院,鄭培林,1995/05/19,臺南市佳里區忠仁里建中街46號
屏東縣,屏縣獸醫字第56號,獸醫師,開業,獸安家畜醫院,徐甦生,1995/05/01,屏東市光武一巷1-14號
新竹縣,竹縣字第5號,獸醫師,開業,濟聖犬貓醫院,徐光弘,1995/05/01,竹東鎮東寧路二段328號
台中市,中縣畜開字第58號,獸醫師,開業,怡全動物醫院,林怡全,1995/04/20,台中市豐原區富春街77號2號
高雄市,高雄獸師開字第124號,獸醫師,開業,偉源動物醫院,黃偉哲,1995/04/19,高雄市楠梓區後昌路1048號
高雄市,高市獸開字第122號,獸醫師,開業,立康動物醫院,蔡逸華,1995/03/28,高雄市新興區七賢一路262號
台南市,南市獸開字第57號,獸醫師,開業,弘光動物醫院,蔣佳霖,1995/02/04,台南市金華路一段192號
苗栗縣,苗獸開字第12號,獸醫師,開業,聖心動物醫院,趙惠玉,1995/01/28,苗栗縣竹南鎮環市路一段205號
台中市,中縣畜開字第55號,獸醫師,開業,忠心動物醫院,黃慶仁,1995/01/19,台中市豐原區水源路510號
台中市,中縣畜開字第54號,獸醫師,開業,沙鹿名犬家畜醫院,林俊超,1995/01/11,台中市沙鹿區鎮南路二段446號
高雄市,高市獸開字第120號,獸醫師,開業,百祥動物醫院,鄭寶桂,1994/12/07,高雄市左營區明誠二路204號
台中市,中市獸醫師開字第104號,獸醫師,開業,中美獸醫院,黃希賢,1994/11/01,台中市南屯區大墩六街220號
台中市,中市獸醫師開字第103號,獸醫師,開業,台大動物醫院,紀登有,1994/11/01,台中市西屯區漢口路二段3號
新北市,北縣獸醫業字第49號,獸醫師,開業,嘉德動物醫院,盧安國,1994/10/29,汐止區福德一路二0六巷一號一樓
南投縣,投府農畜師開字第12號,獸醫師,開業,大群動物醫院,謝長紘,1994/10/24,南投市中興路551號
高雄市,高市獸開字第118號,獸醫師,開業,草衙動物醫院,黃斯文,1994/10/05,高雄市前鎮區草衙二路497號
台中市,中縣畜開字第53號,獸醫師,開業,新生動物醫院,何啟源,1994/10/01,台中市豐原區新生北路59號
台中市,中市獸醫師開字第102號,獸醫師,開業,吉米哈利動物醫院,王麗貞,1994/10/01,台中市南屯區大聖街250號
台南市,南縣獸師開字第64號,獸醫師,開業,佳諾動物醫院,許呈安,1994/09/21,台南市永康區大橋里28鄰中華路638號
高雄市,高市建獸醫字第115號,獸醫師,開業,愛心動物醫院,張簡明芳,1994/09/07,高雄市苓雅區建國一路74-3號
高雄市,高市獸開字第114號,獸醫師,開業,聖佳動物醫院,張聖蒂,1994/08/22,高雄市鼓山區九如四路1119號
台中市,中縣畜開字第49號,獸醫師,開業,建安動物醫院,何東旭,1994/08/12,台中市大甲區鎮政路58-7號
高雄市,高市獸開字第99號,獸醫師,開業,桂林動物醫院,蔡富安,1994/07/29,高雄市小港區中安路598號
南投縣,投府農畜師開字第10號,獸醫師,開業,中興動物醫院,范姜君吉,1994/07/06,南投縣草屯鎮中正路854號
新竹縣,竹縣字第3號,獸醫師,開業,畜安動物醫院,陳文紺,1994/07/03,竹東鎮東寧路一段61號
台北市,北市獸業字第228號,獸醫師,開業,康寧動物醫院,王聲文,1994/07/01,臺北市長沙街2段157號
新北市,北府畜醫業字第123號,獸醫師,開業,維安動物醫院,李政道,1994/06/13,板橋區四維路174-3號
高雄市,高市獸開字第110號,獸醫師,開業,惠明動物醫院,薛兆明,1994/06/06,高雄市三民區嫩江街58號
新竹縣,竹縣字第2號,獸醫師,開業,仁愛動物醫院,何佳洲,1994/06/06,竹東鎮仁愛路360號
台中市,中縣畜開字第48號,獸醫師,開業,龍立動物醫院,賴彥鋒,1994/05/18,台中市豐原區西安街191號
桃園市,桃獸師開執字第83號,獸醫師,開業,聖恩動物醫院,吳明海,1994/05/03,桃園市龜山區萬壽路二段1141號
南投縣,投府農畜師開字第9號,獸醫師,開業,安成動物醫院,吳誌憲,1994/04/27,南投縣埔里鎮忠孝路160號
高雄市,高市建獸醫字第109號,獸醫師,開業,東盟動物醫院,蘇子茗,1994/04/23,高雄市左營區榮耀街28號
高雄市,高市建獸醫字第107號,獸醫師,開業,鼎山動物醫院,陳全城,1994/03/26,高雄市三民區鼎山街466號
高雄市,高市建獸醫字第106號,獸醫師,開業,宏泰動物醫院,劉昱汝,1994/03/24,高雄市新興區開封路301巷2號
台中市,中市獸醫師開字第99號,獸醫師,開業,犬揚獸醫院,蔡俊祥,1994/02/01,台中市英才路298號
台中市,中市獸醫師開字第98號,獸醫師,開業,環亞動物醫院,黃寶利,1994/01/01,台中市北區三民路三段209巷13號
新北市,北府畜醫業字第132號,獸醫師,開業,佳佳獸醫院,蕭雅玲,1993/12/31,新北市三重區重陽路一段20巷4號1樓
屏東縣,屏獸開字第62號,獸醫師,開業,龍泉家畜醫院,林國雄,1993/12/30,屏東縣內埔鄉東寧村南寧路184號
桃園市,桃獸師開執字第42號,獸醫師,開業,泰安動物醫院,羅崇誠,1993/12/09,桃園市復興路44號
高雄市,高市建獸醫字第103號,獸醫師,開業,全家福動物醫院,鍾勝昌,1993/12/02,高雄市三民區義華路51號
台中市,中縣畜開字第44號,獸醫師,開業,品品動物醫院,蘇品,1993/12/01,台中市豐原區圓環東路122號
高雄市,高市獸開字第102號,獸醫師,開業,嘉仁動物醫院,王俊益,1993/11/10,高雄市鼓山區九如四路1658號
新北市,北府畜醫業字第118號,獸醫師,開業,慈輝動物醫院,簡宏仲,1993/11/03,新北市樹林區鎮前街144號
新北市,北府畜醫業字第117號,獸醫師,開業,來安動物醫院,黃呈超,1993/10/30,新店區安康路二段115之1號1樓
台南市,南縣獸師開字第58號,獸醫師,開業,中興動物醫院,梁啟賢,1993/10/04,台南市新營區新進路一０八號
高雄市,高市獸開字第98號,獸醫師,開業,大順動物醫院,李文衡,1993/07/26,高雄市苓雅區大順三路230號
台南市,南市獸開字第50號,獸醫師,開業,慶華動物醫院,紀宏昌,1993/07/03,台南市金華路四段6號
高雄市,高市獸開字第93號,獸醫師,開業,聖愛動物醫院,蔡東龍,1993/05/15,高雄市左營區中華一路3-5號
台中市,中市獸醫師開字第90號,獸醫師,開業,犬保動物醫院,陳紹清,1993/05/01,台中市南屯區文山里文山三街51巷12號
台南市,南縣獸師開字第52號,獸醫師,開業,庭美動物醫院,黃銀教,1993/04/26,臺南市安南區北安路3段205號
桃園市,桃獸師開執字第181號,獸醫師,開業,長生動物醫院,洪衍成,1993/04/23,"桃園市中壢區環中東路二段22,24號"
南投縣,投府農畜師開字第7號,獸醫師,開業,興德動物醫院,林洪德,1993/03/10,南投縣草屯鎮明正里中正路867號
新北市,北府畜醫業字第103號,獸醫師,開業,宏明動物醫院,王文典,1993/02/11,新莊區中港路398號
南投縣,投府農畜師開字第6號,獸醫師,開業,德穎動物醫院,林武賢,1993/01/18,南投縣草屯鎮成功路1段68號
新北市,北府畜醫業字第102號,獸醫師,開業,協和獸醫院,劉金鴻,1993/01/05,中和區景平路167號1樓
高雄市,高市建獸醫字第91號,獸醫師,開業,上揚動物醫院,蔡宗分,1993/01/04,高雄市苓雅區林森二路7之2號
台中市,中市獸醫師開字第89號,獸醫師,開業,大敦寵物醫院,戴更基,1993/01/01,台中市西屯區大墩十八街九六號
台北市,北市獸業字第193號,獸醫師,開業,漢民動物醫院,洪漢民,1992/12/31,台北市和平西路一段156號
南投縣,投府農畜師開字第5號,獸醫師,開業,東南動物醫院,高獻榮,1992/11/26,南投市復興路98之1號
南投縣,投府農畜師開字第4號,獸醫師,開業,佑犬動物醫院,畢秋亮,1992/11/26,南投市虎山路58號
南投縣,投府農畜師開字第3號,獸醫師,開業,護安獸醫院,莊錦輝,1992/11/26,南投縣竹山鎮雲林路44-7號
桃園市,桃府獸字第38號,獸醫師,開業,和平動物醫院,黃瑞和,1992/11/19,桃園市八德區介壽路二段113號
新北市,北府畜醫業字第99號,獸醫師,開業,長榮動物醫院,陳永瑞,1992/10/28,中和區景平路380號1樓
高雄市,高市建獸醫字第87號,獸醫師,開業,永吉動物醫院,涂世治,1992/10/20,高雄市三民區建工路695號
高雄市,高市獸開字第87號,獸醫師,開業,國華動物醫院,林鴻國,1992/10/06,高雄市前鎮區和平二路32號
台北市,北市獸業字第189號,獸醫師,開業,環南動物醫院,劉正彥,1992/10/01,台北市和平西路三段205號一樓
台中市,中市獸醫師開字第88號,獸醫師,開業,富台動物醫院,張乾洲,1992/09/01,台中市東區自由路三段223號
高雄市,高市建獸醫字第86號,獸醫師,開業,順仁動物診所,王逸仁,1992/08/31,高雄市三民區正忠路101號
台中市,中市獸醫師開字第85號,獸醫師,開業,富山動物醫院,韓坤旺,1992/08/01,台中市北屯區中清路二段11號
高雄市,高市獸開字第85號,獸醫師,開業,弘祥動物醫院,謝文清,1992/07/29,高雄市新興區復橫一路229號
高雄市,高市獸開字第84號,獸醫師,開業,加州動物醫院,曾瑞光,1992/05/19,高雄市苓雅區光華一路134號
台中市,中市獸醫師開字第83號,獸醫師,開業,可安動物醫院,孔祥麟,1992/05/01,台中市北屯區河北路二段58號
台中市,中市獸醫師開字第79號,獸醫師,開業,宏光動物醫院,蔡鴻吟,1992/04/01,台中市北區健行路588號
高雄市,高市獸開字第81號,獸醫師,開業,北平動物醫院,林紹熙,1992/03/31,高雄市三民區北平二街111號
新北市,北府畜醫業字第89號,獸醫師,開業,康寶動物醫院,游秀彬,1992/03/25,新北市中和區中興街130號1樓
高雄市,高市建獸醫字第80號,獸醫師,開業,興昌動物醫院,吳昭興,1992/03/10,高雄市苓雅區四維二路46-1號
新北市,北府畜醫業字第86號,獸醫師,開業,台灣動物醫院,薛敦元,1992/02/26,板橋區陽明街54號1樓
台南市,南市獸開字第44號,獸醫師,開業,宏麟動物醫院,張夢麟,1992/02/15,台南市美南街20號
台中市,中市獸醫師開字第78號,獸醫師,開業,鴻安動物醫院,王呈鑫,1992/01/01,台中市北屯區東山路一段152-2號1.2樓
台中市,中縣畜開字第29號,獸醫師,開業,中心動物醫院,梅華盛,1991/12/26,台中市太平區中山路四段180號
桃園市,桃獸師開執字第34號,獸醫師,開業,進安動物醫院,蔡承郁,1991/12/23,桃園市八德區介壽路2段274號
新北市,北府畜醫業字第85號,獸醫師,開業,永康動物醫院,徐于忠,1991/12/17,新店區北新路一段171號
台北市,北市獸業字第174號,獸醫師,開業,敦化動物醫院,陳貞夙,1991/12/03,台北市敦化南路一段279號
台北市,北市獸業字第173號,獸醫師,開業,德安動物醫院,黃國倫,1991/11/25,台北市內湖路一段611號
苗栗縣,苗獸開字第8號,獸醫師,開業,健成家畜醫院,連真泓,1991/10/01,苗栗縣苗栗市和平路67號
桃園市,桃獸師開執字第25號,獸醫師,開業,春日動物醫院,黃國倉,1991/09/03,桃園市春日路975巷4號
台南市,南縣獸師開字第42號,獸醫師,開業,愛心犬貓醫院,黃俊銘,1991/08/10,台南市佳里區中和街73號
台中市,中縣畜開字第25號,獸醫師,開業,天富家畜診所,黃慶華,1991/08/09,台中市龍井區沙田路四段272號
台中市,中市獸醫師開字第76號,獸醫師,開業,宏仁動物醫院,徐宏仁,1991/08/01,台中市北屯區平德路187巷41號
台中市,中市獸醫師開字第75號,獸醫師,開業,上群動物醫院,廖景祺,1991/07/01,台中市北區健行路76號
苗栗縣,苗獸開字第7號,獸醫師,開業,心雅動物醫院,劉賢德,1991/06/15,頭份鎮中華路955-7號
花蓮縣,花府農獸師字第3號,獸醫師,開業,人人動物醫院,林明煌,1991/06/04,花蓮市中正路559號
台中市,中市獸醫師開字第71號,獸醫師,開業,青島動物醫院,鍾炆裕,1991/05/01,台中市北區青島路三段212號
台中市,中市獸醫師開字第72號,獸醫師,開業,宏恩動物醫院,劉哲睿,1991/05/01,台中市北區太原路一段426號
台中市,中市獸醫師開字第70號,獸醫師,開業,六順動物醫院,陳國政,1991/03/01,台中市烈美街173號
台北市,北市獸業字第161號,獸醫師,開業,大晶動物醫院,陳忠民,1991/02/12,台北市農安街72號1樓
南投縣,投府農畜師開字第2號,獸醫師,開業,埔里動物醫院,陳明進,1990/12/05,高雄市埔里區中山三段445號
台中市,中市獸醫師開字第69號,獸醫師,開業,信楊動物醫院,林金龍,1990/12/01,台中市南屯區南屯路二段271號
台中市,中縣畜開字第21號,獸醫師,開業,中華動物醫院,吳源義,1990/10/12,台中市大甲區新政路2-2號
台中市,中市獸醫師開字第68號,獸醫師,開業,信安動物醫院,林銘信,1990/08/01,台中市北區健行路638號
台南市,南縣獸師開字第39號,獸醫師,開業,上博動物醫院,李偉基,1990/07/31,台南市新化區建國街7號
新北市,北府畜醫業字第70號,獸醫師,開業,竹圍動物醫院,黃炳焱,1990/06/18,新北市淡水區竹圍里民權路141號
高雄市,高市建獸醫字第67號,獸醫師,開業,天民動物醫院,李智賢,1990/06/09,高雄市三民區天民路30號
台北市,北市獸業字第138號,獸醫師,開業,內湖動物醫院,陳鶴松,1990/04/10,台北市內湖路一段45號
高雄市,高市獸開字第65號,獸醫師,開業,健安動物醫院,趙士雄,1990/03/26,高雄市苓雅區建國一路270號
台南市,南市獸開字第33號,獸醫師,開業,上群動物醫院,吳時徵,1990/03/20,台南市東寧路318號
高雄市,高市建獸醫字第64號,獸醫師,開業,人愛動物醫院,劉隆揚,1990/01/03,高雄市新興區六合一路30號
新北市,北府畜醫業字第65號,獸醫師,開業,多多動物醫院,江長全,1989/11/16,新莊區中正路783號
台北市,北市獸業字第135號,獸醫師,開業,正興獸醫院,陳正哲,1989/11/11,台北市興隆路二段95巷5-1號
高雄市,高市獸開字第63號,獸醫師,開業,仁仁動物醫院,余智勇,1989/10/03,高雄市苓雅區和平二路367號
台北市,北市獸業字第133號,獸醫師,開業,楊動物醫院,楊靜宇,1989/10/02,台北市中山北路六段368號
台北市,北市獸業字第130號,獸醫師,開業,天母家畜醫院,郭詩淵,1989/07/01,臺北市中山北路6段431之3號1樓
台中市,中市獸醫師開字第61號,獸醫師,開業,東山動物醫院,吳國顯,1989/06/01,台中市北屯區北屯路281-4號
台中市,中市獸醫師開字第60號,獸醫師,開業,和平動物醫院,黃茂林,1989/06/01,台中市西區美村路86-1號
高雄市,高市獸開字第62號,獸醫師,開業,長和動物醫院,黃埼祥,1989/04/14,高雄市新興區忠孝一路245號
高雄市,高市獸開字第61號,獸醫師,開業,耀宏家畜醫院,葉輝耀,1989/02/18,高雄市苓雅區建國一路139~6號
台中市,中市獸醫師開字第59號,獸醫師,開業,東南動物醫院,,1988/11/01,台中市北區中清路一段746號
新北市,北府畜醫業字第32號,獸醫師,開業,後埔動物醫院,黃約伯,1988/09/22,新北市板橋區館前西路156-1號1樓
新北市,北府畜醫業字第55號,獸醫師,開業,強生動物醫院,諶家強,1988/09/01,新店區中正路392號1樓
台中市,中市獸醫師開字第57號,獸醫師,開業,田心動物醫院,張金勳,1988/09/01,台中市南屯區大墩二街82號
台北市,北市獸業字第112號,獸醫師,開業,微笑動物醫院,張景倫,1988/07/13,臺北市中山北路7段163號1樓及地下1樓
台北市,北市獸業字第111號,獸醫師,開業,豐茂動物醫院,蘇世武,1988/06/22,臺北市北投區實踐街六十四號一樓
台北市,北市獸業字第82號,獸醫師,開業,華欣家畜醫院,黃慶榮,1988/05/30,台北市信義區光復南路473巷13弄7號一樓
高雄市,高市獸開字第60號,獸醫師,開業,和平動物醫院,施孟良,1988/05/05,高雄市苓雅區林德里和平一路60號
高雄市,高市獸開字第59號,獸醫師,開業,欣欣犬病醫院,許耀亮,1988/04/25,高雄市前鎮區一心路94號
台北市,北市獸業字第104號,獸醫師,開業,來旺動物醫院,楊清容,1988/03/08,台北重慶南路三段50號
桃園市,桃獸師開執字第14號,獸醫師,開業,恆生動物醫院,賴榮耀,1988/01/26,中壢市中美路一段13號
新北市,北府畜醫業字第53號,獸醫師,開業,亞東動物醫院,范成棟,1988/01/08,新北市中和區中正路639號1樓
台北市,北市獸業字第102號,獸醫師,開業,晨光動物醫院,戴振宏,1987/12/15,臺北市重慶北路2段47號1樓
高雄市,高市建獸醫字第57號,獸醫師,開業,張動物醫院,張世民,1987/11/23,高雄市三民區澄清路529號
台北市,北市獸業字第101號,獸醫師,開業,大東動物醫院,楊文翔,1987/11/01,台北市東園街158號
台北市,北市獸業字第83號,獸醫師,開業,港墘動物醫院,伍茂霖,1987/08/01,台北市港墘路109-2號
新北市,北府畜醫業字第49號,獸醫師,開業,茂生獸醫院,張國棟,1987/03/18,三重區重新路一段62號
台北市,北市獸業字第85號,獸醫師,開業,大同動物醫院,林隆立,1987/01/26,台北市中央北路二段112號
台中市,中縣畜開字第19號,獸醫師,開業,躍犬獸醫院,溫銘通,1986/12/08,台中市太平區新光村中山路4段31號
台北市,北市獸業字第26號,獸醫師,開業,康福動物醫院,黃立文,1986/10/27,台北瑞安街135巷23號
台北市,北市獸業字第21號,獸醫師,開業,藍天家畜醫院,周金豐,1986/09/03,台北市文林路757號
台北市,北市獸業字第78號,獸醫師,開業,安安動物醫院,林明輝,1986/05/15,台北市松德路57號
台北市,北市獸業字第79號,獸醫師,開業,澄毅動物醫院,許祖誠,1986/05/15,台北市安和路二段171巷13號1樓
高雄市,高市獸開字第51號,獸醫師,開業,世和動物醫院,周繼光,1985/11/20,高雄市前鎮區廣西路421號
台北市,北市獸業字第75號,獸醫師,開業,弘安動物醫院,洪文貴,1985/10/09,台北市五常街69號
台中市,中市獸醫師開字第51號,獸醫師,開業,中台動物醫院,戴河南,1985/08/01,台中市北區中清路一段693號
台北市,北市獸業字第71號,獸醫師,開業,中心動物醫院,杜興江,1985/05/03,台北市仁愛路四段411-1號1樓
台北市,北市獸業字第64號,獸醫師,開業,黃動物醫院,黃建源,1985/04/17,臺北市中山區復興北路506號1樓
新北市,北府畜醫業字第45號,獸醫師,開業,永發獸醫院,陳明通,1984/10/11,樹林區樹新路35號
台中市,中縣畜開字第18號,獸醫師,開業,回生犬醫院,姚正斌,1984/09/21,台中市豐原區圓環南路63號
台中市,中市獸醫師開字第47號,獸醫師,開業,益生家畜醫院,廖呈峰,1984/02/01,台中市北區學士路254號
高雄市,高市獸開字第43號,獸醫師,開業,啟生動物醫院,陳明聰,1983/09/17,高雄市苓雅區光華一路119號
台中市,中市獸醫師開字第46號,獸醫師,開業,一心獸醫院,傅宗楫,1983/07/01,台中市北區錦華街56號
新北市,北府畜醫業字第40號,獸醫師,開業,中盟動物醫院,鄭漢文,1983/06/29,新北市永和區中正路113號
高雄市,高雄獸師開字第17號,獸醫師,開業,承宏家畜醫院,陳嘉承,1983/06/28,高雄市三民區綏遠一街133號
台中市,中市獸醫師開字第45號,獸醫師,開業,人人動物醫院,謝明偉,1983/06/01,台中市西區公正路146號
台北市,北市獸業字第47號,獸醫師,開業,隆記動物醫院,林永川,1983/03/10,台北市松山區民生東路5段63號1樓
高雄市,高市建獸醫字第40號,獸醫師,開業,興德動物醫院,王嘉和,1983/02/28,高雄市前金區七賢二路149號
高雄市,高市建獸醫字第38號,獸醫師,開業,盈煇動物醫院,陳熙灝,1983/01/17,高雄市三民區建興路287號
高雄市,高市建獸醫字第11號,獸醫師,開業,信德動物醫院,鄭輝崇,1982/11/18,高雄市三民區十全二路357號
高雄市,高市建獸醫字第36號,獸醫師,開業,博安家畜醫院,薛博文,1982/10/27,高雄市左營區左營大路209號
高雄市,高市建獸醫字第32號,獸醫師,開業,台大綜合動物醫院,曾英仁,1982/08/31,高雄市三民區博愛一路115號
新北市,北府畜醫業字第28號,獸醫師,開業,富安家畜醫院,楊坤富,1982/08/06,新北市板橋區文化路2段335號
台中市,中市獸醫師開字第42號,獸醫師,開業,長和犬醫院,陳永群,1982/08/01,台中市南區國光路45號
高雄市,高雄獸師開字第26號,獸醫師,開業,躍犬動物醫院,陳本源,1982/01/20,高雄市苓雅區中華四路210號
台中市,中市獸醫師開字第35號,獸醫師,開業,惠犬動物醫院,林順隆,1981/12/01,台中市西區美村路一段632號
高雄市,高市建獸醫字第20號,獸醫師,開業,宏一動物醫院,蔡忠宏,1981/10/20,高雄市三民區大順二路443號
台中市,中市獸醫師開字第33號,獸醫師,開業,天一犬醫院,解英民,1981/06/01,台中市北區進化路547號
高雄市,高市建獸醫字第4號,獸醫師,開業,華南動物醫院,許進風,1980/12/30,高雄市苓雅區中華四路163號
台中市,中市獸醫師開字第29號,獸醫師,開業,安生動物醫院,廖茂淞,1980/05/01,台中市東區進化路221巷1-4號
屏東縣,屏縣獸醫字第16號,獸醫師,開業,潮洲家畜醫院,陳朝進,1979/03/01,屏東縣潮州鎮四維路392號
苗栗縣,苗獸開字第2號,獸醫師,開業,榮源家畜醫院,魏榮源,1977/12/20,苗栗縣苗栗鎮中山路593號
台南市,南縣獸師開字第1號,獸醫師,開業,河碧家畜診所,陳河伯,1968/02/12,台南市麻豆區興中路41號
南投縣,投府農畜師開字第1號,獸醫師,開業,吳鴻和家畜診所,吳鴻和,,南投縣埔里鎮東門里東華路91-1號
宜蘭縣,宜縣獸業字第17號,獸醫師,開業,方碩士獸醫院,方穆,,宜蘭市長春路51號
彰化縣,彰府農畜師字第36號,獸醫師,開業,東門動物醫院,張世彰,,彰化縣員林鎮中正路451號
彰化縣,彰府農畜師字第25號,獸醫師,開業,永興家畜診所,邱增賀,,彰化縣永靖鄉永北村水尾路226號
高雄市,高雄獸師開字第16號,獸醫師,開業,現代動物醫院,謝文益,,高雄市前金區自強二路41號
彰化縣,彰府農畜師字第12號,獸醫師,開業,弘吉動物醫院,林偉興,,彰化縣員林鎮中山南路88號
宜蘭縣,宜縣獸業字第4號,獸醫師,開業,劉獸醫院,劉興國,,宜蘭縣羅東鎮義和里中正路21-1號
彰化縣,彰府農畜師字第10號,獸醫師,開業,良友動物醫院,詹世賢,,彰化縣員林鎮員水路二段511號
嘉義縣,嘉府獸師開字第9號,獸醫師,開業,永久松動物醫院,林僻泰,,嘉義縣新港鄉古民街5-2號
台北市,北市獸業字第23號,獸醫師,開業,大眾家畜醫院,姚枝煌,,台北市重慶北路三段51號
新北市,北府畜醫業字第16號,獸醫師,開業,愛友家畜醫院,劉信念,,新北市新莊區中正路427-2號
台北市,北市獸業字第245號,獸醫師,開業,信達犬貓專科醫院,謝德和,,台北市華齡街22巷15弄5號
台北市,北市獸業字第62號,獸醫師,開業,佳欣動物醫院,葉泰昌,,台北市內湖路二段383號
台北市,北市獸業字第171號,獸醫師,開業,陽明家畜醫院,楊東盛,,台北市天母東路1-6號
新北市,北府畜醫業字第26號,獸醫師,開業,吉利家畜醫院,周文武,,新北市永和區永貞路108號
台北市,北市獸業字第157號,獸醫師,開業,西湖動物醫院,賀淑玲,,台北市內湖路一段341-2號
宜蘭縣,宜縣獸業字第3號,獸醫師,開業,國瑞獸醫診所,祁國瑞,,羅東鎮培英路158號
彰化縣,彰府農畜師字第33號,獸醫師,開業,安安家畜醫院,蔡秋森,,彰化縣北斗鎮公所街124號
台北市,北市獸業字第150號,獸醫師,開業,中正犬貓醫院,陳守正,,台北市重慶南路三段60-4號2樓
台北市,北市獸業字第196號,獸醫師,開業,弘吉獸醫院,林政興,,臺北市大安區市民大道3段238號1樓
台北市,北市獸業字第54號,獸醫師,開業,安迪動物醫院,朱榮芳,,台北市西園路二段175號1樓
彰化縣,彰府農畜師字第23號,獸醫師,開業,富瑞獸醫院,劉健富,,彰化縣溪洲鄉成功村下田路6-16號
新北市,北府畜醫業字第52號,獸醫師,開業,慈愛動物醫院,蔡忠修,,中和區景平路321號
嘉義縣,嘉府獸師開字第21號,獸醫師,開業,廣林動物醫院,林清合,,嘉義縣太保市中山路1段586巷1-5號
台北市,北市獸業字第297號,獸醫師,開業,旺旺動物醫院,李志正,,台北市東華街二段2號
宜蘭縣,宜縣獸業字第5號,獸醫師,開業,吉利動物醫院,蔡芳宜,,宜蘭縣蘇澳鎮中山路1段377號
宜蘭縣,宜縣獸業字第7號,獸醫師,開業,全信製藥有限公司附設家畜醫院,李春男,,宜蘭市力行路136號
宜蘭縣,宜縣獸業字第9號,獸醫師,開業,復興動物醫院,蔡炯林,,宜蘭市復興路一段117號2樓
宜蘭縣,宜縣獸業字第2號,獸醫師,開業,羅東動物醫院,何永傳,,宜蘭縣羅東鎮倉前9號
台北市,北市獸業字第110號,獸醫師,開業,維拉動物醫院,賴哲銳,,台北市興隆路一段94號
台北市,北市獸業字第142號,獸醫師,開業,三民動物醫院,徐怡黌,,台北市三民路101巷1號
高雄市,高市獸開字第44號,獸醫師,開業,華山犬病院,凃華宗,,高雄市苓雅區復興二路72號
彰化縣,彰府農畜師字第24號,獸醫師,開業,勝宏動物醫院,王詔平,,田中鎮中新路231巷31號
台中市,中縣畜開字第23號,獸醫師,開業,瑞和動物醫院,徐小良,,台中市大里區中興路一段426號
台北市,北市獸業字第131號,獸醫師,開業,保全獸醫院,鄧賢銓,,台北市萬大路104號
台北市,北市獸業字第134號,獸醫師,開業,日健動物綜合醫院,闕浩然,,台北市松山區光復北路6-2號
宜蘭縣,宜縣獸業字第8號,獸醫師,開業,宜蘭動物醫院,曾清龍,,宜蘭市宜興路一段65號
台北市,北市獸業字第144號,獸醫師,開業,全安動物醫院,林明進,,臺北市東湖路113巷54號1樓
台北市,北市獸業字第149號,獸醫師,開業,上群動物醫院,洪文男,,臺北市大安區延吉街72之20號
台北市,北市獸業字第169號,獸醫師,開業,百威動物醫院,林基宏,,台北市中和街288號
台北市,北市獸業字第156號,獸醫師,開業,唯安動物醫院,蔡有志,,台北市承德路四段18號
台北市,北市獸業字第163號,獸醫師,開業,世安動物醫院,張世賢,,台北市興隆路三段298-2號
台北市,北市獸業字第145號,獸醫師,開業,正安動物醫院,陳和顯,,台北市民權西路240號
彰化縣,彰府農畜師字第44號,獸醫師,開業,愛犬動物醫院,呂承書,,彰化縣和美鎮道周路553號
台北市,北市獸業字第146號,獸醫師,開業,美加璦寵物醫院,林俊民,,台北市龍江路443巷1-2號
嘉義市,府建農字第12號,獸醫師,開業,育英動物醫院,陳振樑,,嘉義市民生南路262號
台北市,北市獸業字第151號,獸醫師,開業,見安獸醫院,歐正生,,台北市四維路170巷45號
台北市,北市獸業字第155號,獸醫師,開業,健康動物醫院,邱辛庭,,台北市健康路238號
彰化縣,彰府農畜師字第31號,獸醫師,開業,獸依動物醫院,梁明澄,,彰化市中山路二段189號
彰化縣,彰府農畜師字第54號,獸醫師,開業,鄭立安動物醫院,鄭永樑,,彰化市彰美路一段164號
台北市,北市獸業字第160號,獸醫師,開業,興安動物醫院,謝其達,,台北市興安街89號
台北市,北市獸業字第168號,獸醫師,開業,康泰動物醫院,周政德,,台北市內湖區康樂街164號
台北市,北市獸業字第238號,獸醫師,開業,專心動物醫院,洪榮偉,,臺北市和平東路2段34、34-1號1樓
宜蘭縣,宜縣獸業字第10號,獸醫師,開業,陽明動物醫院,薛彝倫,,宜蘭縣羅東鎮興東路211號
台北市,北市獸業字第274號,獸醫師,開業,和欣動物醫院,曾文星,,臺北市北投區雙全街7號
台北市,北市獸業字第179號,獸醫師,開業,名冠動物醫院,陳志平,,台北市中坡南路207號
彰化縣,彰府農畜師字第35號,獸醫師,開業,杏林獸醫院,沈連吉,,二林鎮仁愛路362號
台北市,北市獸業字第188號,獸醫師,開業,文逸動物醫院,傅義文,,台北市和平東路三段391巷8弄27號
台北市,北市獸業字第172號,獸醫師,開業,健生動物醫院,蔡良正,,台北市成功路四段182巷8弄4號
台中市,中縣畜開字第41號,獸醫師,開業,葆生動物醫院,羅信偉,,台中市潭子區圓通南路268號
彰化縣,彰府農畜師字第26號,獸醫師,開業,陳獸醫動物醫院,陳俊彥,,彰化縣溪湖鎮大溪路二段491號
台北市,北市獸業字第187號,獸醫師,開業,全陽犬貓專科醫院,林逸莒,,台北市八德路四段305號1樓
台北市,北市獸業字第178號,獸醫師,開業,社子動物醫院,李韋達,,台北市延平北路五段191號
台北市,北市獸業字第191號,獸醫師,開業,新東動物醫院,莊惠珠,,台北市忠孝東路五段189號
台北市,北市獸業字第182號,獸醫師,開業,宏成動物醫院,羅勝騰,,臺北市和平東路3段66-1號
彰化縣,彰府農畜師字第43號,獸醫師,開業,生偉動物醫院,紀梓濱,,彰化縣員林鎮中山路二段131巷54弄24號
台中市,中縣畜開字第37號,獸醫師,開業,漂亮寶貝動物醫院,蔡百欽,,清水區中山路127-3號
台北市,北市獸業字第197號,獸醫師,開業,豐德動物醫院,陳彥宏,,台北市莊敬路235號
彰化縣,彰府農畜師字第39號,獸醫師,開業,躍犬獸醫院,柯志松,,彰化縣北斗鎮四維路66號
宜蘭縣,宜縣獸業字第14號,獸醫師,開業,台大動物醫院,魏昭文,,羅東鎮愛國路86號
台北市,北市獸業字第286號,獸醫師,開業,康禾動物醫院,蕭欽瑀,,台北市興隆路四段159-1號
台北市,北市獸業字第265號,獸醫師,開業,愛生動物醫院,李憲坤,,台北市自強街27號
嘉義縣,嘉府獸師開字第6號,獸醫師,開業,博仁動物醫院,林勇震,,嘉義縣布袋鎮永安里265號
彰化縣,彰府農畜師字第34號,獸醫師,開業,林聖書家畜醫院,林聖書,,彰化縣芳苑鄉草湖村仁愛路18號
台北市,北市獸業字第300號,獸醫師,開業,雙園動物醫院,王舒德,,台北市西園路二段105號
彰化縣,彰府農畜師字第37號,獸醫師,開業,民家動物醫院,施光隆,,彰化市仁愛路124號
高雄市,高縣獸醫開字第109號,獸醫師,開業,富貴動物醫院,唐國祐,,高雄市大樹區大樹里中興南路119號
台北市,北市獸業字第293號,獸醫師,開業,曾安動物醫院,曾章原,,台北市通化街148號
台北市,北市獸業字第266號,獸醫師,開業,劉動物醫院,劉信良,,台北市德行東路269號
台北市,北市獸業字第303號,獸醫師,開業,崇安動物醫院,曹國卿,,臺北市信義區中坡南路62號
台北市,北市獸業字第273號,獸醫師,開業,玉山動物醫院,蘇惠麗,,臺北市信義區信義路6段37號1樓
台北市,北市獸業字第250號,獸醫師,開業,立健動物醫院,劉評乾,,台北市和平東路三段255號
彰化縣,彰府農畜師字第13號,獸醫師,開業,宏達動物醫院,李宏達,,彰化縣員林鎮大同路二段37巷10號
彰化縣,彰府農畜師字第29號,獸醫師,開業,人愛動物醫院,周師全,,彰化縣鹿港鎮中山路59號
高雄市,高縣獸醫開字第123號,獸醫師,開業,仁安動物醫院,洪明郎,,高雄市仁武區中華路205號
台北市,北市獸業字第267號,獸醫師,開業,靜心獸醫院,侯省地,,台北市興隆路二段13號1樓
彰化縣,彰府農畜師字第52號,獸醫師,開業,永祥動物醫院,陳進丁,,彰化縣員林鎮員東路二段209號
台北市,北市獸業字第270號,獸醫師,開業,國泰動物醫院,張紹沛,,台北市延吉街57號
台北市,北市獸業字第280號,獸醫師,開業,正吉動物醫院,彭昶貴,,台北市羅斯福路五段47-1號
台北市,北市獸業字第258號,獸醫師,開業,泰山動物醫院,陳代煌,,台北市光復南路52號
彰化縣,彰府農畜師字第59號,獸醫師,開業,謝獸醫動物醫院,謝時偉,,彰化市中山路2段616號
台北市,北市獸業字第230號,獸醫師,開業,台灣動物醫院,謝庭智,,台北市忠孝東路二段74號
嘉義縣,嘉府獸師開字第25號,獸醫師,開業,育生動物醫院,張福政,,嘉義縣民雄鄉西安村安和路96號
彰化縣,彰府農畜師字第4號,獸醫師,開業,田茂家畜診所,曾慶勝,,彰化縣北斗鎮復興路200巷40弄8號
嘉義縣,嘉府獸師開字第22號,獸醫師,開業,銓安動物醫院,張國泉,,嘉義縣竹崎鄉昇平村污水溪1號
宜蘭縣,宜縣獸業字第16號,獸醫師,開業,中山犬貓醫院,蔡國明,,宜蘭市小東路13之2號
台中市,中縣畜開字第42號,獸醫師,開業,關心動物醫院,黃淑惠,,台中市沙鹿區三民路97號
台北市,北市獸業字第221號,獸醫師,開業,福懋動物醫院,莊鑑斌,,台北市錦州街132號1樓
台北市,北市獸業字第208號,獸醫師,開業,福臨動物醫院,江仁中,,臺北市中山北路5段519號1樓及B1
台北市,北市獸業字第214號,獸醫師,開業,欣旺動物醫院,張明祥,,台北市松山路265號
台北市,北市獸業字第231號,獸醫師,開業,木新獸醫院,廖炯華,,台北市木新路三段133-2號
台北市,北市獸業字第224號,獸醫師,開業,萬華動物醫院,白順吉,,台北市貴陽街二段51號
台北市,北市獸業字第225號,獸醫師,開業,良醫動物醫院,謝慕學,,台北市八德路四段188號
台北市,北市獸業字第269號,獸醫師,開業,愛心動物醫院,許志全,,台北市光復南路563號
台北市,北市獸業字第288號,獸醫師,開業,金旺獸醫院,張振東,,台北市青島東路33-2號
台北市,北市獸業字第252號,獸醫師,開業,華中動物醫院,劉懿澍,,台北市萬大路227號
台北市,北市獸業字第305號,獸醫師,開業,全民動物醫院北投分院,吳彬羽,,臺北市北投區光明路61號1樓
台北市,北市獸業字第309號,獸醫師,開業,豐盛動物醫院,陳亮宏,,台北市光復北路46號
