id,Address,Response_Address,Response_X,Response_Y
雲診字第93號,雲林縣虎尾鎮光復路454號,,,
府農漁開字第38號,花蓮市中正路136號,,,
北市獸業字第492號,台北市汀州路二段125號1樓,,,
高市獸師開字第306號,高雄市苓雅區武廟路160之2號,,,
(104)疫政字第2號,金門縣金城鎮歐厝村63號,,,
中市獸醫開字第293號,臺中市北屯區文心路四段806號,,,
桃獸師開執字第254號,桃園市桃園區龍安街109號,,,
嘉市獸開字第91號,嘉義市東區吳鳳南路311號,,,
桃獸師開執字第253號,桃園市中壢區中豐路359號,,,
中市獸醫開字第292號,臺中市西屯區何安里文心路三段46號,,,
桃獸師開執字第252號,桃園市桃園區莊敬路一段156號,,,
新北獸醫業字第348號,新北市中和區捷運路20號1樓,,,
投府農畜師開字第32號,南投縣草屯鎮中興路271號,,,
北市獸業字第490號,臺北市士林區天母西路48號1樓,,,
北市獸業字第491號,臺北市南京東路5段286號,,,
北市獸業字第489號,臺北市大安區和平東路2段68號1樓,,,
北市獸業字第488號,台北市內湖區成功路4段368號1樓2樓,,,
高市獸師開字第305號,高雄市苓雅區興中一路383號,,,
投府農畜師開字第31號,南投縣埔里鎮東華路91-1號,,,
中市獸醫開字第291號,臺中市大里區國光路二段441號,,,
高市獸師開字第304號,高雄市三民區大昌一路289號,,,
南市獸開字第152號,臺南市北區和緯路二段516號,,,
北市獸業字第487號,臺北市北投區石牌路2段332-1號1樓,,,
中市獸醫開字第290號,臺中市西區中華路一段3-5號1-3樓,,,
新北獸醫業字第347號,新北市永和區永和路2段285號,,,
北市獸業字第486號,臺北市大安區文昌街89號1樓,,,
屏獸開字第113號,屏東縣潮州鎮永昌路47巷3號,,,
東府獸師開字第19號,臺東縣臺東市正氣北路141巷11號,,,
高市獸師開字第302號,高雄市三民區大昌二路448號,,,
高市獸師開字第301號,高雄市鳳山區建國路3段16號,,,
中市獸醫開字第289號,臺中市北區中清路一段581號,,,
中市獸醫開字第288號,臺中市大甲區育英路174-1號,,,
新北獸醫業字第346號,新北市蘆洲區中山一路160號,,,
中市獸醫開字第287號,臺中市清水區五權東路11號,,,
新北獸醫業字第345號,新北市蘆洲區中正路209號,,,
中市獸醫開字第286號,臺中市大雅區中清路四段303號,,,
屏獸開字第112號,屏東縣內埔鄉老埤村學府路1號,,,
高市獸師開字第300號,高雄市林園區和平路66巷6號,,,
中市獸醫開字第285號,臺中市南屯區大進街526號(含1-2樓),,,
屏獸開字第111號,屏東縣萬丹鄉萬新路1426號,,,
嘉市獸開字第90號,嘉義市垂楊路619號,,,
雲診字第91號,雲林縣虎尾鎮興南里113號,,,
雲診字第92號,雲林縣二崙鄉大同路21之2號,,,
屏獸開字第110號,屏東縣長治鄉瑞光路一段745號,,,
苗縣獸師開字第103040號,竹南鎮博愛街120號,,,
北市獸業字第485號,臺北市文山區景福街244號1樓及地下1樓,,,
屏獸開字第109號,屏東市自由路629號,,,
中市獸醫開字第284號,臺中市南區復興路二段133號及地下室一樓,,,
高市獸師開字第299號,高雄市楠梓區楠梓東街38號1樓,,,
北市獸業字第484號,臺北市內湖區金湖路22號1樓,,,
投府農畜師開字第30號,南投縣埔里鎮忠孝路266號,,,
新北獸醫業字第344號,新北市永和區永利路94巷3號,,,
桃獸師開執字第251號,桃園市中山北路4號,,,
府農畜字第1030176880號,宜蘭縣冬山鄉冬山路1段753、755號,,,
北市獸業字第483號,臺北市萬華區萬大路536號1樓,,,
中市獸醫開字第283號,臺中市后里區甲后路396號,,,
北市獸業字第482號,臺北市松山區健康路256號1樓,,,
竹縣字第29號,新竹縣竹北市中華路875號,,,
屏獸開字第108號,屏東縣高樹鄉廣福村興農路72巷53號,,,
彰府農防師開字第134號,彰化縣北斗鎮復興路40號,,,
新北獸醫業字第343號,新北市永和區永貞路175號,,,
桃獸師開執字第250號,桃園市龜山區文化三路99號,,,
新北獸醫業字第342號,新北市汐止區仁愛路319號,,,
新北獸醫業字第341號,新北市林口區仁愛路二段172號,,,
桃獸師開執字第249號,桃園市大興西路一段221號1 樓,,,
北市獸業字第480號,臺北市士林區克強路23號1樓,,,
苗縣獸師開字第103039號,苗栗縣頭份鎮中央路358號,,,
高市獸師開字第298號,高雄市前鎮區福祥街49號,,,
桃獸師開執字第248號,桃園市國際路二段51號,,,
桃獸師開執字第247號,桃園市八德區介壽路一段693號,,,
北市獸業字第479號,臺北市大安區基隆路3段153號,,,
高市獸師開字第297號,高雄市鳳山區過勇路198號,,,
新北獸醫業字第339號,新北市板橋區國光路166號,,,
中市獸醫開字第282號,臺中市南屯區田心里大墩六街287號1樓,,,
北市獸業字第478號,臺北市大同區寧夏路1號1、3樓,,,
中市獸醫開字第281號,臺中市豐原區豐原大道四段457號,,,
新北獸醫業字第338號,新北市林口區民族路6號,,,
南市獸開字第149號,臺南市安南區海佃路2段440號,,,
南市獸開字第148號,臺南市永康區中山南路475號,,,
桃獸師開執字第246號,蘆竹市南崁中正路362號,,,
中市獸醫開字第280號,臺中市西區向上路一段21號,,,
桃獸師開執字第245號,桃園市桃園區三民路2段254號,,,
北市獸業字第475號,臺北市中山區民生東路1段87號地下1樓,,,
中市獸醫開字第279號,臺中市北屯區文心路四段943號1樓,,,
南市獸開字第147號,臺南市中西區友愛街277號,,,
新北獸醫業字第337號,新北市中和區景平路489號1樓,,,
高市獸師開字第296號,高雄市鳳山區瑞順街147號1樓,,,
嘉府獸師開字第74號,嘉義縣民雄鄉建國路二段148-6號,,,
彰府農防師開字第133號,彰化市中正路2段256號,,,
新北獸醫業字第336號,新北市鶯歌區鶯桃路496號,,,
南市獸開字第146號,臺南市安南區怡安路1段84號,,,
北市獸業字第474號,臺北市中山區民生東路1段83號,,,
高市獸師開字第295號,高雄市苓雅區中正一路139、141號,,,
南市獸開字第145號,臺南市新營區新進路314-1號,,,
新北獸醫業字第335號,新北市樹林區樹德街136巷16號1樓,,,
府農畜字第1030071411號,宜蘭縣羅東鎮純精路一段25號,,,
北市獸業字第472號,臺北市文山區景華街92號1樓,,,
高市獸師開字第294號,高雄市小港區宏平路372號,,,
南市獸開字第144號,臺南市中西區和緯路5段235號,,,
竹市府產農字第980078672號,新竹市東南街112號1樓,,,
中市獸醫開字第278號,台中市南屯區文心南二路447號,,,
新北獸醫業字第334號,新北市蘆洲區復興路174號1樓,,,
竹縣字第28號,新竹縣竹北市自強北路50號,,,
高市獸師開字第293號,高雄市左營區左營大路437號,,,
屏獸開字第106號,屏東縣佳冬鄉六根村佳和路132-4號,,,
竹市府產農字第980078670號,新竹市經國路3段6號,,,
府農漁開字第36號,花蓮縣花蓮市明禮路71-10號,,,
新北獸醫業字第333號,新北市林口區文化一路一段102號,,,
彰府農防師開字第132號,彰化縣溪湖鎮員鹿路3段198號,,,
中市獸醫開字第277號,台中市西屯區惠中路二段41號,,,
雲診字第90號,雲林縣北港鎮民生路137號,,,
中市獸醫開字第276號,台中市南屯區公益路二段632號,,,
北市獸業字第470號,臺北市信義區信義路6段81號1樓,,,
南市獸開字第141號,臺南市東區崇善路486號,,,
新北獸醫業字第331號,新北市林口區中山路62號,,,
高市獸師開字第292號,高雄市鼓山區篤敬路1號,,,
桃獸師開執字第244號,桃園市中山北路189號,,,
彰府農防師開字第131號,彰化縣溪湖鎮大突里地政路31號1樓,,,
南市獸開字第140號,臺南市北區林森路3段112號,,,
桃獸師開執字第243號,桃園市大興路207號1、2樓,,,
竹市府產農字第980078667號,新竹市北區武陵路2-1號,,,
府農漁開字第35號,花蓮縣光復鄉中興路568號,,,
桃獸師開執字第242號,桃園市楊梅區永美路502號1樓,,,
北市獸業字第469號,臺北市中山區吉林路173號1樓,,,
新北獸醫業字第329號,新北市新店區安祥路104-7號GF,,,
北市獸業字第467號,臺北市士林區文林路311號1樓,,,
北市獸業字第468號,臺北市文山區景文街29號1樓,,,
投府農畜師開字第29號,南投縣南投市信義街5巷42-1號,,,
桃獸師開執字第241號,桃園市桃園區三民路三段579號,,,
北市獸業字第466號,臺北市士林區承德路4段183號1樓,,,
屏獸開字第105號,屏東市中山路61-12號,,,
高市獸師開字第291號,高雄市楠梓區楠梓路132號,,,
新北獸醫業字第328號,新北市永和區民權路7號1樓,,,
中市獸醫開字第274號,台中市南區樹德里德祥街72號,,,
南市獸開字第139號,臺南市新營區健康路32號,,,
北市獸業字第465號,臺北市內湖區舊宗路1段30巷13號1樓,,,
北市獸業字第464號,臺北市萬華區西園路2段194號,,,
嘉府獸師開字第73號,嘉義縣民雄鄉中和村魚寮仔6鄰29號,,,
屏獸開字第104號,屏東縣新園鄉田洋村仙隆路363號,,,
中市獸醫開字第272號,台中市西屯區櫻花路128號,,,
高市獸師開字第290號,高雄市彌陀區中正路14號,,,
新北獸醫業字第327號,新北市中和區復興路300號1樓,,,
屏獸開字第103號,屏東縣佳冬鄉萬建村忠信街426巷13號,,,
高市獸師開字第289號,高雄市岡山區介壽西路129號,,,
雲診字第86號,雲林縣西螺鎮漢光里平和南路378.380號,,,
中市獸醫開字第270號,臺中市豐原區圓環東路299號壹樓,,,
中市獸醫開字第271號,台中市西屯區福雅路51號(含地下室),,,
高市獸師開字第288號,高雄市苓雅區復興二路13-3號,,,
北市獸業字第461號,臺北市內湖區康寧路3段169-1號1樓,,,
北市獸業字第462號,臺北市信義區忠孝東路4段559巷30號1樓,,,
桃獸師開執字第239號,桃園市大園區中正東路5號,,,
南市獸開字第137號,臺南市麻豆區中山路116號,,,
投府農畜師開字第28號,南投縣草屯鎮博愛路407號,,,
彰府農防師開字第130號,彰化縣埤頭鄉平原村華泰一街18號,,,
南市獸開字第136號,臺南市柳營區柳營路1段518號,,,
竹市府產農字第980078665號,新竹市光復路1段362-12號,,,
新北獸醫業字第326號,新北市土城區金城路二段388號,,,
新北獸醫業字第325號,新北市泰山區新北大道5段236號,,,
北市獸業字第460號,臺北市中正區羅斯福路3段316巷9弄1號,,,
中市獸醫開字第269號,台中市北區健行路371號,,,
彰府農防師開字第129號,彰化縣和美鎮仁美路165號,,,
桃獸師開執字第238號,平鎮市環南路460之3號,,,
桃獸師開執字第237號,桃園市中山路956巷152弄9號,,,
新北獸醫業字第324號,新北市樹林區大雅路370號,,,
桃獸師開執字第236號,桃園市中正路637號,,,
彰府農防師開字第128號,彰化縣北斗鎮中山路1段260巷36弄16號,,,
彰府農防師開字第127號,彰化縣員林鎮靜修東路53號,,,
新北獸醫業字第252號,新北市三重區重新路三段31-3號1樓,,,
北市獸業字第458號,臺北市文山區羅斯福路6段6號,,,
中市獸醫開字第268號,台中市大雅區雅潭路4段668號,,,
北市獸業字第457號,臺北市中山區北安路554巷33號1樓,,,
中市獸醫開字第267號,台中市太平區中興東路164號,,,
中市獸醫開字第266號,臺中市沙鹿區台灣大道七段1000號,,,
北市獸業字第456號,臺北市文山區木新路3段321號1樓,,,
新北獸醫業字第323號,新北市板橋區文化路二段255號,,,
中市獸醫開字第265號,臺中市南屯區大墩17街125號,,,
南市獸開字第135號,臺南市東區東光路2段78號,,,
嘉府獸師開字第72號,嘉義縣中埔鄉金蘭村2鄰4號,,,
北市獸業字第455號,臺北市北投區大業路541號1樓,,,
(102)疫政字第1號,金門縣金城鎮民族路219號,,,
屏獸開字第99號,屏東市信義路141-1號,,,
中市獸醫開字第264號,台中市北屯區文心路四段690號,,,
竹市府產農字第980078659號,新竹市北區武陵路16號1樓,,,
新北獸醫業字第321號,新北市泰山區明志路一段317號,,,
高市獸師開字第287號,高雄市鳳山區中山東路105號,,,
南市獸開字第134號,臺南市安平區民權路四段523號,,,
高市獸師開字第286號,高雄市三民區明吉路32號,,,
投府農畜師開字第26號,南投縣草屯鎮太平路202號,,,
投府農畜師開字第27號,南投縣草屯鎮太平路2段188號,,,
新北獸醫業字第320號,新北市三重區自強路1段197號1樓,,,
新北獸醫業字第319號,新北市三重區三和路三段20號,,,
北市獸業字第454號,臺北市信義區松隆路227號1樓及B1,,,
中市獸醫開字第263號,台中市大里區爽文路899號,,,
高市獸師開字第285號,高雄市湖內區中山路一段584號,,,
高市獸師開字第284號,高雄市三民區哈爾濱街29號,,,
高市獸師開字第283號,高雄市岡山區大義二路72號,,,
東府獸師開字第17號,台東市中興路2段450巷12號1樓,,,
新北獸醫業字第318號,新北市三重區信義街4號,,,
彰府農防師字第126號,彰化縣田中鎮大社路1段317號,,,
桃獸師開執字第235號,桃園市國際路二段194號,,,
嘉市獸開字第89號,嘉義市東區大雅路二段454號1樓,,,
基市獸開字第29號,基隆市安樂區樂利二街62巷74號1樓,,,
雲診字第88號,雲林縣斗六市榴中里石榴路104之5號,,,
南市獸開字第133號,臺南市永康區民族路145巷87號,,,
竹縣字第27號,新竹縣竹北市成功八路128號,,,
高市獸師開字第282號,高雄市鳳山區博愛路107號,,,
高市獸師開字第281號,高雄市楠梓區惠民路153號,,,
新北獸醫業字第317號,新北市林口區忠孝路372號,,,
高市獸師開字第280號,高雄市三民區明哲路17號,,,
高市獸師開字第279號,高雄市鳳山區經武路346號,,,
高市獸師開字第278號,高雄市苓雅區光華一路23號,,,
桃獸師開執字第234號,桃園市桃園區大興西路二段176號,,,
彰府農防師開字第125號,彰化縣田中鎮員集路2段558號,,,
高市獸師開字第277號,高雄市左營區博愛三路500號1、2樓,,,
屏獸開字第98號,屏東市武威街30號,,,
苗縣獸師開字第101036號,苗栗縣銅鑼鄉銅鑼村郵電街13號,,,
北市獸業字第453號,臺北市萬華區萬大路365號1樓,,,
基府獸開字第2號,基隆市忠四路8號,,,
中市獸醫開字第262號,台中市大里區美群路46號1F及2F,,,
府農漁開字第33號,花蓮縣瑞穗鄉瑞祥村祥北路二段148號,,,
新北獸醫業字第316號,新北市三重區中正北路23號1樓及2樓,,,
中市獸醫開字第261號,台中市清水區中華路442巷7號,,,
桃獸師開執字第233號,桃園市國際路一段1172號,,,
高市獸師開字第276號,高雄市阿蓮區港後里港後路26-13號,,,
中市獸醫開字第260號,台中市北屯區中清路99-29號,,,
新北獸醫業字第315號,新北市土城區中央路2段8號1樓,,,
新北獸醫業字第314號,新北市中和區中山路2段167號,,,
新北獸醫業字第313號,新北市淡水區中正東路2段121號,,,
苗縣獸師開字第101035號,後龍鎮大庄里光華路432號,,,
竹市府產農字第980078651號,新竹市東區建美路45號,,,
中市獸醫開字第259號,台中市西區林森路96號,,,
東府獸師開字第16號,臺東市傳廣路107號,,,
中市獸醫開字第258號,台中市南區國光路58號,,,
苗縣獸師開字第101034號,苗栗縣竹南鎮大厝里24鄰國昌街205巷2號,,,
新北獸醫業字第312號,新北市新莊區中正路891-32號,,,
桃獸師開執字第217號,龜山鄉忠義路二段519號,,,
高市獸師開字第275號,高雄市三民區建工路611號,,,
桃獸師開執字第232號,中壢市環中東路2段112號,,,
中市獸醫開字第257號,臺中市南屯區黎明路二段165號1樓,,,
高市獸師開字第274號,高雄市苓雅區成功一路163號,,,
彰府農防師開字第123號,彰化縣芳苑鄉安家新村1街41號,,,
彰府農防師開字第124號,彰化縣溪湖鎮員鹿路2段570號,,,
新北獸醫業字第311號,新北市永和區福和路75號,,,
高市獸師開字第273號,高雄市鳳山區光復路一段26號,,,
南市獸開字第130號,台南市南區中華西路一段310號,,,
高市獸師開字第272號,高雄市苓雅區金門街84號,,,
屏獸開字第97號,屏東縣恆春鎮恆南路56-3號,,,
北市獸業字第452號,臺北市大安區辛亥路2段143號1樓,,,
彰府農防師開字第122號,彰化縣員林鎮中正路150號,,,
嘉府獸師開字第71號,嘉義縣水上鄉崎子頂27-52號,,,
嘉府獸師開字第70號,嘉義縣民雄鄉福樂村埤角1之20號,,,
新北獸醫業字第310號,新北市樹林區中華路6-3號,,,
北市獸業字第447號,臺北市士林區中正路629號1樓,,,
北市獸業字第448號,臺北市南港區東新街132號1樓,,,
桃獸師開執字第231號,蘆竹鄉大竹路319號,,,
新北獸醫業字第309號,新北市板橋區文化路二段500號1樓,,,
宜縣獸業字第21號,宜蘭市宜興路二段100號,,,
嘉府獸師開字第69號,嘉義縣六腳鄉豐美村港尾寮185號,,,
新北獸醫業字第308號,新北市三重區重新路四段20號,,,
府農漁開字第32號,花蓮縣吉安鄉永安村吉安路一段81號,,,
南市獸開字第128號,臺南市安平區平通路377號,,,
南市獸開字第127號,臺南市中西區西賢街61號,,,
中市獸醫開字第255號,台中市西區五權路2-199號,,,
嘉府獸師開字第68號,嘉義縣布袋鎮中安里中厝95號,,,
桃獸師開執字第228號,桃園市蘆竹區桃園街178號,,,
桃獸師開執字第227號,蘆竹鄉中正路352號,,,
桃獸師開執字第226號,龜山鄉文興路128號,,,
新北獸醫業字第306號,新北市蘆洲區長安街62號1樓,,,
新北獸醫業字第248號,新北市三峽區民生街2-2號,,,
新北獸醫業字第305號,新北市林口區文化二路1段88號,,,
北市獸業字第446號,臺北市大同區民權西路270之2號,,,
屏獸開字第96號,屏東縣恆春鎮山腳里恆南路105-1號,,,
新北獸醫業字第212號,新北市板橋區海山路11號1樓,,,
竹縣字第26號,新竹縣關西鎮中山東路212號,,,
北市獸業字第445號,臺北市大安區瑞安街45號1樓,,,
屏獸開字第95號,屏東縣萬丹鄉和平西路36號,,,
中市獸醫開字第253號,臺中市大里區中興路二段386-4號,,,
中市獸醫開字第252號,台中市北屯區大連路二段22號1樓(含地下室),,,
新北獸醫業字第303號,新北市三重區福德北路71號,,,
桃獸師開執字第224號,桃園市莊二街75號,,,
北市獸業字第443號,臺北市文山區羅斯福路6段206號1樓,,,
北市獸業字第442號,臺北市北投區中央北路2段60-1號1樓,,,
中市獸醫開字第251號,台中市太平區中興路118-2號,,,
中市獸醫開字第250號,台中市大里區中興路二段471號,,,
嘉市獸開字第88號,嘉義市民族路668號,,,
新北獸醫業字第301號,新北市新店區北新路1段345號,,,
屏獸開字第94號,屏東縣東港鎮中正路ㄧ段96號,,,
中市獸醫開字第249號,臺中市豐原區中山路157號,,,
嘉府獸師開字第67號,嘉義縣太保市春珠里97-11號,,,
北市獸業字第441號,臺北市松山區南京東路3段256巷55號,,,
高市獸師開字第270號,高雄市楠梓區軍校路724號,,,
北市獸業字第440號,臺北市士林區德行東路189號1樓,,,
中市獸醫開字第248號,臺中市梧棲區大?里光復路28號,,,
中市獸醫開字第247號,臺中市沙鹿區中山路463巷1號,,,
投府農畜師開字第25號,南投縣草屯鎮敦和路50-4,,,
彰府農防師開字第120號,彰化市彰南路1段405號,,,
中市獸醫開字第245號,臺中市西區博館路157號,,,
新北獸醫業字第298號,新北市板橋區文化路1段182號,,,
高市獸師開字第268號,高雄市前鎮區光華2路314號,,,
嘉市獸開字第87號,嘉義市新民路580號,,,
彰府農防師開字第119號,彰化縣溪湖鎮員鹿路2段473號,,,
嘉府獸師開字第66號,嘉義縣溪口鄉溪東村民生街95巷15號,,,
屏獸開字第93號,屏東縣九如鄉五權路101號,,,
中市獸醫開字第244號,臺中市南區工學路13-10號,,,
中市獸醫開字第243號,臺中市南屯區文心南三路538號,,,
高縣獸醫開字第27號,高雄市鳳山區五甲一路220號,,,
南市獸開字第126號,台南市永康區永明街65號,,,
北市獸業字第438號,臺北市信義區松山路275號,,,
桃獸師開執字第223號,八德市介壽路二段1072號,,,
竹市府產農字第990049644號,新竹市中華路二段224號,,,
南市獸開字第125號,臺南市安南區同安路128號,,,
彰府農防師開字第117號,彰化市中正路2段751號,,,
桃獸師開執字第222號,中壢市環中東路189之1號,,,
高市獸師開字第267號,高雄市左營區大中二路260號,,,
高縣獸醫開字第241號,高雄市岡山區仁義里岡山路33號,,,
北市獸業字第437號,臺北市大同區重慶北路3段138、140號,,,
南市獸開字第124號,臺南市新營區新東里27鄰東光街82巷18號,,,
新北獸醫業字第52號,新北市林口區中山路281號1樓,,,
北市獸業字第436號,臺北市大安區建國南路2段31號,,,
彰府農防師開字第116號,彰化市中正路2段823號,,,
嘉市獸開字第86號,嘉義市博東路273號,,,
高市獸師開字第266號,高雄市岡山區前鋒里公園西路三段92號,,,
新北獸醫業字第294號,新北市中和區安平路200-1號,,,
嘉市獸開字第85號,嘉義市興業東路275號,,,
中市獸醫開字第239號,臺中市西屯區中工三路66號,,,
中市獸醫開字第238號,臺中市國光路2段318號,,,
北市獸業字第434號,臺北市松山區八德路4段520號1樓,,,
北市獸業字第433號,臺北市大安區和平東路3段324號,,,
桃獸師開執字第151號,桃園市三民路一段191號,,,
彰府農防師開字第115號,彰化縣鹿港鎮彰鹿路7段637號,,,
新北獸醫業字第293號,新北市板橋區文化路2段139號1樓,,,
南市獸開字第123號,臺南市永康區中華路103號2樓,,,
桃獸師開執字第138號,桃園市桃園區永安路854號,,,
中市獸醫開字第236號,臺中市豐原區中陽里16鄰圓環東路553號,,,
嘉府獸師開字第65號,嘉義縣民雄鄉豐收村好收199號,,,
北市獸業字第430號,臺北市文山區羅斯福路5段17號,,,
新北獸醫業字第255號,新北市中和區中山路3段122號1樓,,,
桃獸師開執字第153號,桃園市經國路232號1樓,,,
南市獸開字第121號,臺南市學甲區仁德里1鄰建國路27-1號,,,
北市獸業字第429號,臺北市大安區金華街217號,,,
北市獸業字第428號,臺北市中山區北安路462號1樓,,,
高市獸師開字第264號,高雄市三民區北平一街175號,,,
新北獸醫業字第291號,新北市土城區金城路三段173號,,,
苗縣獸師開字第97032號,苗栗市中正路72-1號,,,
高市獸師開字第263號,高雄市苓雅區苓雅一路31號一、二樓,,,
北市獸業字第426號,臺北市大安區信義路4段406、408號1、2樓,,,
南市獸開字第120號,臺南市北區長榮路5段425號,,,
中市獸醫開字第235號,臺中市太平區太平路643號,,,
北市獸業字第425號,臺北市中山區天祥路3號1樓,,,
北市獸業字第424號,臺北市中山區北安路458巷47弄10號1樓,,,
高市獸師開字第262號,高雄市楠梓區德民路208號,,,
高市獸師開字第261號,高雄市苓雅區同慶路108號,,,
桃獸師開執字第150號,中壢市延平路583號,,,
彰府農防師開字第112號,彰化市四維路69巷38號,,,
彰府農防師開字第111號,彰化縣員林鎮浮圳路2段352之1號,,,
彰府農防師開字第110號,彰化縣二林鎮後厝里五權街13號,,,
高市獸師開字第260號,高雄市鳳山區新富路326號,,,
府授畜防字第1003900011號,澎湖縣白沙鄉講美村138-1號,,,
新北獸醫業字第290號,新北市新店區中興路一段261號,,,
新北獸醫業字第289號,新北市林口區竹林路17號,,,
基市獸開字第28號,基隆市信義區深溪路130號1樓,,,
中市獸醫開字第232號,臺中市西屯區大隆路149號,,,
高市獸師開字第259號,高雄市鼓山區大順一路935號,,,
高市獸師開字第258號,高雄市梓官區赤西里6鄰赤崁南路136號,,,
北市獸業字第419號,臺北市中山區北安路642號1樓,,,
北市獸業字第420號,臺北市內湖區文德路93號1樓,,,
桃獸師開執字第197號,桃園市民族路97號,,,
高市獸師開字第255號,高雄市三民區覺民路524號,,,
高市獸師開字第257號,高雄市前鎮區正勤路9號,,,
新北獸醫業字第288號,新北市八里區中山路二段421號1樓,,,
彰府農防師開字第108號,彰化縣二林鎮斗苑路4段241號,,,
新北獸醫業字第286號,新北市新莊區中正路853號,,,
新北獸醫業字第285號,新北市樹林區中正路506號,,,
中市獸醫開字第218號,台中市青海路二段207-2號,,,
北市獸業字第416號,臺北市中山區建國北路3段101號,,,
嘉府獸師開字第64號,嘉義縣民雄鄉三興村南華路2段76號,,,
高市獸師開字第236號,高雄市鳳山區忠義街166號,,,
高市獸師開字第254號,高雄市大寮區鳳林三路674號,,,
竹縣字第25號,新竹縣竹北市科大一路286號,,,
北市獸業字第413號,臺北市北投區明德路115號1樓,,,
高縣獸醫開字第383號,高雄市橋頭區隆豐路223號,,,
雲診字第85號,雲林縣斗南鎮西歧里建國一路55號,,,
桃獸師開執字第219號,桃園市中山路928號,,,
中縣畜開字第144號,豐原區圓環南路235號,,,
府農漁開字第31號,花蓮縣玉里鎮和平路60號,,,
基市獸開字第27號,基隆市東明路159號,,,
北縣獸醫業字第282號,新北市淡水區民族路33巷16-19號1樓,,,
中市獸醫開字第207號,台中市西屯區台灣大道三段292號,,,
高市獸師開字第253號,高雄市前鎮區鎮北里前鎮街101號,,,
雲診字第84號,雲林縣斗六市永安路110號,,,
高縣獸醫開字第379號,高雄市鳳山區武慶二路74號,,,
竹市府產農字第990049638號,新竹市竹光路98號,,,
北縣獸醫業字第281號,新北市三重區集賢路40號及42號1樓,,,
南市獸開字第119號,臺南市北區文賢路1086號,,,
北市獸業字第411號,臺北市信義區仁愛路4段452巷8號1樓,,,
南縣獸師診開字第189號,台南市麻豆區保安里8鄰文昌路17-5號,,,
桃獸師開執字第216號,桃園市大有路445號1樓,,,
北縣獸醫業字第278號,新北市新店區光明街157號1樓,,,
北市獸業字第410號,臺北市大安區基隆路2段124號,,,
北縣獸醫業字第277號,新北市新店區 中興里檳榔路9號,,,
高市獸師開字第252號,高雄市鼓山區文忠路135號,,,
北市獸業字第264號,臺北市南港區忠孝東路7段571號1樓,,,
基市獸開字第26號,基隆市仁四路17之1 號,,,
桃獸師開執字第214號,中壢市環北路562號,,,
南市獸開字第118號,台南市勝利路391號,,,
中市獸醫開字第231號,臺中市西屯區太原路一段211號,,,
雲診字第82號,雲林縣虎尾鎮院前街18號,,,
苗縣獸師開字第97031號,竹南鎮光復路436號,,,
中市獸醫開字第230號,臺中市北區德化街227號,,,
桃獸師開執字第166號,桃園市中壢區新生路286號,,,
北縣獸醫業字第274號,新北市汐止區明峰街39號1樓、B1,,,
桃獸師開執字第86號,桃園市中壢區中華路一段426號,,,
北縣獸醫業字第273號,新北市鶯歌區光明街24號,,,
高市獸師開字第251號,高雄市新興區七賢一路462號,,,
桃獸師開執字第213號,桃園市中正路836號,,,
屏獸開字第91號,屏東縣里港鄉鐵店路34-13號,,,
南市獸開字第117號,台南市南門路179-4號,,,
中市獸醫開字第229號,臺中市南屯區文心路一段372號,,,
嘉府獸師開字第63號,嘉義縣民雄鄉建國路2段185-13號,,,
北縣獸醫業字第272號,新北市板橋區篤行路三段64號1樓,,,
北市獸業字第405號,臺北市內湖區成功路3段150號1樓,,,
北市獸業字第406號,臺北市北投區石牌路1段95號1樓,,,
中市獸醫開字第228號,臺中市南屯區豐樂里20鄰文心南三路691號,,,
高市獸師開字第249號,高雄市楠梓區德民路970號,,,
苗縣獸開字第97030號,通霄鎮福德路5號,,,
中縣畜開字第142號,台中市龍井區遊園南路277號,,,
北市獸業字第404號,臺北市松山區延壽街390號1樓,,,
北市獸業字第402號,臺北市大同區民生西路247、249號1、2樓,,,
中縣畜開字第141號,台中市大里區仁化路770號,,,
彰府農防師開字第106號,彰化縣員林鎮中山路2段277巷49號,,,
北縣獸醫業字第271號,新北市瑞芳區一坑路32-3號1樓,,,
北市獸業字第399號,臺北市中山區民生東路2段45號1樓及2樓,,,
南市獸開字第116號,臺南市北區北安路1段271號,,,
北市獸業字第398號,臺北市中山區錦州街371號1樓,,,
北市獸業字第395號,臺北市大同區重慶北路3段17號,,,
南縣獸師診開字第187號,台南市仁德區中正西路20號,,,
北市獸業字第394號,臺北市中正區羅斯福路2段7-4號,,,
高市獸師開字第248號,高雄市左營區榮總路396號,,,
嘉市獸開字第83號,嘉義市仁愛路236號,,,
北市獸業字第393號,台北市中正區寧波西街88號1樓,,,
高市獸師開字第247號,高雄市左營區博愛二路202號,,,
高縣獸醫開字第369號,高雄市仁武區大灣里八德南路576號,,,
北市獸業字第391號,臺北市信義區吳興街478號1樓,,,
中市獸醫開字第227號,臺中市北區健行路865號,,,
嘉府獸師開字第61號,嘉義縣布袋鎮興中里博愛1街,,,
北市獸業字第390號,臺北市文山區羅斯福路6段89號1樓,,,
苗縣獸開字第97029號,公館鄉通明街30號,,,
中市獸醫師開字第66號,台中市西區五廊街63號,,,
高縣獸醫開字第364號,高雄市旗山區延平一路351號,,,
北市獸業字第389號,臺北市大安區羅斯福路3段65號3樓之1,,,
屏獸開字第90號,屏東市建豐路181號,,,
基市獸開字第24號,基隆市成功二路171號1樓及地下一樓,,,
北市獸業字第388號,臺北市內湖區成功路5段55號1樓,,,
北縣獸醫業字第269號,中和區德光路29號,,,
雲診字第32號,雲林縣斗六市雲林路一段82號,,,
竹市府產農字第980049632號,新竹市民族路247號,,,
高市獸師開字第245號,高雄市小港區大鵬路166號,,,
桃獸師開執字第209號,楊梅鎮新成路109號,,,
中市獸醫開字第217號,台中市南屯區五權西路二段207號,,,
桃獸師開執字第208號,桃園市寶慶里14鄰寶慶路286號,,,
南縣獸師診開字第185號,台南市永康區大灣路770-2號,,,
嘉府獸師開字第60號,嘉義縣太保市中山路1段75號,,,
南市獸開字第54號,台南市西門路四段440號,,,
南市獸開字第80號,台南市安南區海佃路一段64號之1,,,
屏獸開字第89號,屏東縣長治鄉崙上村光華巷68-5號,,,
中市獸醫開字第226號,臺中市中區中華里中華路一段112號,,,
北縣獸醫業字第264號,新北市永和區中興街107號1樓,,,
竹市府產農字第980078630號,新竹市中華路4段32號,,,
中縣畜開字第139號,東勢區新豐街34號,,,
中市獸醫開字第224號,臺中市北屯區崇德路二段281號,,,
高市獸師開字第242號,高雄市三民區十全二路99號,,,
北縣獸醫業字第262號,新北市中和區安樂路23號1樓,,,
北縣獸醫業字第261號,新北市中和區景平路591號1樓,,,
中市獸醫開字第223號,臺中市西區中興里1鄰向上路一段126號,,,
中縣畜開字第138號,大甲區新美里光明路281巷32號,,,
南縣獸師診開字第184號,台南市歸仁區中山路3段146號,,,
北縣獸醫業字第260號,淡水區沙崙路6號1樓,,,
桃獸師開執字第205號,桃園市中壢區環中東路110號,,,
桃獸師開執字第204號,桃園市中壢區中北路51號,,,
北縣獸醫業字第259號,新北市中和區宜安路125號1樓,,,
府農漁開字第27號,花蓮縣吉安鄉慶豐村吉安路二段320號,,,
嘉府獸師開字第59號,嘉義縣東石鄉蔦松村10鄰湖底路20-39號,,,
北市獸業字第382號,臺北市大安區金山南路2段139號1樓及地下1樓,,,
桃獸師開執字第203號,桃園市蘆竹區中正路337號,,,
嘉市獸開字第82號,嘉義市中正路334號,,,
南市獸開字第114號,台南市北區和緯路2段231號,,,
北縣獸醫業字第258號,新北市新店區民權路48號6樓,,,
北市獸業字第380號,臺北市信義區忠孝東路5段424號1樓,,,
彰府農防師開字第104號,彰化縣員林鎮萬年里(巷)50弄A21號,,,
高市獸師開字第240號,高雄市前鎮區一心一路275號,,,
高市獸師開字第241號,高雄市三民區大豐二路290號,,,
宜縣獸業字第20號,宜蘭縣羅東鎮純精路一段223號,,,
北縣獸醫業字第254號,永和區中正路185號2樓,,,
府建農字第2號,嘉義西區民生北路143號,,,
中縣畜開字第136號,大里區中興路1段316-5號,,,
北縣獸醫業字第253號,新北市土城區中央路2段20之1號1樓,,,
中縣畜開字第135號,大甲區中山路1段825-6號,,,
高市獸師開字第238號,高雄市楠梓區加昌路849-851號,,,
桃獸師開執字第200號,桃園市八德區公園路30號,,,
苗縣獸開字第97027號,頭份鎮田寮里南田街115號,,,
桃獸師開執字第198號,桃園市中壢區龍東路188號,,,
北縣獸醫業字第251號,新北市永和區福和路316-1號,,,
中縣畜開字第22號,霧峰區中正路767-9號,,,
桃獸師開執字第196號,桃園市中壢區中山東路2段16號,,,
桃獸師開執字第195號,楊梅鎮埔心里永美路274號,,,
南縣獸師診開字第182號,台南市永康區永二街399號,,,
南縣獸師診開字第181號,台南市新化區大新路15號,,,
南縣獸師診開字第180號,台南市白河區中山路2-10號,,,
北縣獸醫業字第225號,新北市林口區中正路496號1樓,,,
雲診字第79號,北港鎮大同路149號,,,
中市獸醫開字第222號,台中市西區忠明南路223號,,,
中縣畜開字第134號,潭子區中山路1段17-5號,,,
投府農畜師開字第24號,南投縣草屯鎮太平路二段137號,,,
中市獸醫開字第221號,台中市南屯區大墩路671號1樓,,,
北市獸業字第139號,臺北市大安區建國南路1段298號1樓,,,
屏獸開字第88號,屏東市安鎮里大興路24號,,,
竹縣字第22號,新竹縣竹北市文信路81號,,,
高縣獸醫開字第351號,高雄市鳳山區鳳東路373號,,,
中縣畜開字第132號,龍井區遊園南路97號,,,
北市獸業字第379號,臺北市內湖區康樂街116之2號1樓,,,
高縣獸醫開字第350號,高雄市鳳山區五甲二路135號,,,
桃獸師開執字第193號,桃園市永安路348號,,,
北縣獸醫業字第249號,新北市汐止區大同路二段456號1樓,,,
中市獸醫開字第219號,台中市北區進化北路162號,,,
北市獸業字第378號,臺北市內湖區成功路3段117號1樓,,,
高縣獸醫開字第348號,高雄市美濃區吉東里上九寮1-3號,,,
南縣獸師診開字第176號,台南市永康區中華路714號,,,
竹縣字第21號,新竹縣湖口鄉成功路186號,,,
中市獸醫開字第216號,台中市北屯區北屯路220號,,,
高市獸師開字第233號,高雄市鼓山區九如四路1175號,,,
北縣獸醫業字第247號,新北市汐止區新興路8號1樓,,,
北縣獸醫業字第246號,新北市中和區中山路三段2號1樓,,,
北市獸業字第10號,臺北市中正區杭州南路2段92號1樓,,,
竹縣字第20號,新竹縣竹北市文興路一段71號,,,
彰府農防師開字第97號,彰化市彰美路1段230號,,,
高市獸師開字第232號,高雄市三民區明誠一路816號,,,
屏獸開字第86號,屏東市廣東路766號,,,
高市獸師開字第231號,高雄市三民區民族一路529-6號,,,
中市獸醫開字第215號,台中市西區存中街153號,,,
北市獸業字第373號,臺北市大安區信義路4段109號1樓,,,
竹市建農字第45626號,新竹市西大路303號1樓,,,
高縣獸醫開字第340號,高雄市鳳山區中山西路217之1號,,,
北市獸業字第375號,臺北市大安區延吉街251號1樓,,,
嘉府獸師開字第57號,嘉義縣朴子市大木康榔995號,,,
南縣獸師診開字第175號,台南市新營區三民路137-1號,,,
桃獸師開執字第191號,桃園市桃鶯路101號,,,
南市獸開字第111號,台南市北區大武街393號,,,
高市獸師開字第230號,高雄市左營區新庄仔路233-4號,,,
中市獸醫開字第212號,臺中市北屯區大連路二段15號,,,
屏獸開字第85號,屏東縣萬丹鄉萬全村萬丹路一段270號,,,
中市獸醫開字第210號,台中市北區英才路351號,,,
中市獸醫開字第211號,台中市南屯區公益路二段607號,,,
北市獸業字第128號,臺北市龍江路21巷1號1樓,,,
高縣獸醫開字第336號,高雄市鳳山區青年路2段320號,,,
北縣獸醫業字第241號,新北市新莊區幸福路795號,,,
北縣獸醫業字第239號,新北市八里區中山路2段261號3樓,,,
北縣獸醫業字第240號,新北市三重區自強路4段79號1樓,,,
北市獸業字第370號,臺北市大安區和平東路2段68號1樓,,,
嘉府獸師開字第56號,嘉義縣朴子市開元路483-2號,,,
苗縣獸開字第97025號,苗栗市北安街188號,,,
中縣畜開字第128號,豐原區圓環西路69號,,,
北市獸業字第371號,臺北市中山區吉林路166號1樓,,,
嘉府獸師開字第55號,民雄鄉福樂村埤角66-52號,,,
桃獸師開執字第187號,桃園市蘆竹區南順七街22號,,,
北市獸業字第276號,臺北市大安區仁愛路4段228-5號1樓,,,
中市獸醫開字第209號,台中市南區復興路一段259號,,,
北縣獸醫業字第237號,新北市五股區中興路4段49號1樓,,,
竹縣字第19號,新竹縣竹北市中華路226號,,,
中市獸醫開字第208號,臺中市北屯區崇德二路二段159號,,,
北縣獸醫業字第235號,新北市樹林區樹德街5號1樓,,,
高市獸師開字第227號,高雄市鼓山區中華一路350號,,,
屏獸開字第84號,屏東縣恆春鎮恆南路133號,,,
高市獸師開字第226號,高雄市三民區大豐二路118-1號,,,
北縣獸醫業字第233號,新北市板橋區民生路二段50號1樓,,,
中市獸醫師開字第147號,台中市南屯區大業路357號1、2樓,,,
北市獸業字第217號,台北市民權東路3段140巷5號1樓及106巷3弄8號1樓,,,
雲診字第76號,二崙鄉大同村後壁路29-1號,,,
中市獸醫開字第206號,台中市北區中清路一段635號,,,
嘉府獸師開字第54號,嘉義縣竹崎鄉竹崎村中華路53號,,,
北縣獸醫業字第230號,新北市蘆洲區九芎街99號,,,
北縣獸醫業字第229號,永和區竹林路19號1樓,,,
竹市建農字第79494號,新竹市科學園路106號1樓,,,
北市獸業字第369號,臺北市松山區健康路325巷14號1樓,,,
北市獸業字第30號,台北市吉林路432號1樓,,,
北市獸業字第368號,臺北市中山區明水路672巷34號1樓,,,
高縣獸醫開字第329號,高雄市鳳山區八德路129號,,,
屏獸開字第27號,屏東市民族路222號,,,
北縣獸醫業字第227號,新北市汐止區康寧街455號1樓,,,
高市獸師開字第225號,高雄市左營區至聖路235號,,,
南縣獸師診開字第172號,台南市永康區中華路8-2號,,,
中市獸醫開字第204號,台中市西屯區西屯路二段103之3號,,,
基市獸開字第11號,基隆市中正區正豐街61號,,,
嘉府獸師開字第52號,嘉義縣民雄鄉東湖村75號,,,
竹縣字第18號,新竹縣竹北市中正東路105號,,,
中市獸醫開字第203號,台中市西區大明街4號,,,
雲診字第75號,土庫鎮中興路349號,,,
北縣獸醫業字第226號,新北市土城區中央路一段63號1樓及地下1樓,,,
屏獸開字第80號,屏東縣枋寮鄉枋寮村德興路92-2號,,,
北市獸業字第367號,臺北市大安區大安路1段205號1樓及地下1樓,,,
北市獸業字第366號,臺北市中山區民生東路1段78號1樓,,,
北市獸業字第365號,臺北市文山區木柵路2段133號1樓,,,
南縣獸師診開字第171號,台南市佳里區文化路343號,,,
竹縣字第17號,新竹縣竹北市華興街257號,,,
高市獸師開字第220號,高雄市左營區曾子路79號,,,
中市獸醫開字第200號,臺中市東區十甲東路657號,,,
東府獸師開字第15號,台東市中華路一段364號,,,
中市獸醫開字第199號,台中市南屯區五權西路二段67號,,,
嘉府獸師開字第15號,嘉義縣水上鄉中山路2段998號,,,
高市獸師開字第217號,高雄市前鎮區西山里30鄰台鋁11巷15號,,,
高縣獸醫開字第319號,高雄市鳳山區鳳頂路368號,,,
北縣獸醫業字第223號,新北市三峽區中園街126之23號1樓及126之22號1樓,,,
北市獸業字第2號,臺北市北投區西安街1段361號1樓,,,
苗縣獸開字第96024號,頭份鎮自強路241號1.2.3.樓.地下室,,,
苗縣獸開字第96023號,造橋鄉朝陽村10鄰7-1號,,,
北縣獸醫業字第220號,新北市新店區安康路2段308號,,,
竹市府產農字第950133057號,新竹市體育街28號,,,
彰府農防師開字第90號,彰化縣埤頭鄉合興村中央路696巷38號,,,
雲診字第43號,虎尾鎮芳草里崁頂4號,,,
雲診字第70號,雲林縣斗六市中正路24-1號,,,
北市獸業字第360號,臺北市大安區基隆路2段220號1至4樓,,,
北市獸業字第59號,台北市長安東路1段41-1號1樓,,,
高縣獸醫開字第317號,高雄市鳳山區經武路135號,,,
中縣畜開字第124號,台中市霧峰區林森路768-1號,,,
桃獸師開執字第125號,桃園市龍潭區東龍路292號,,,
北市獸業字第358號,臺北市信義區莊敬路428號1樓,,,
北市獸業字第73號,台北市民族西路53號1樓,,,
北縣獸醫業字第217號,新北市蘆洲區永平街32巷12弄18號1樓及B1,,,
北縣獸醫業字第218號,新北市中和區中山路2段577號1、2樓,,,
北縣獸醫業字第216號,新北市中和區中安街230號1、2樓,,,
中縣畜開字第122號,豐原區同安街183,,,
北市獸業字第355號,臺北市北投區知行路208-2號1樓,,,
高市獸師開字第215號,高雄市苓雅區光華一路12之1號,,,
中市獸醫開字第197號,台中市北區天祥街2號,,,
中縣畜開字第121號,台中市豐原區圓環北路2段249、251號,,,
屏獸開字第46號,屏東市瑞光路二段364號,,,
中市獸醫師開字第65號,臺中市南區復興路一段405號(及地下室),,,
桃獸師開執字第120號,桃園市龍潭區東龍路136號,,,
中市獸醫開字第168號,台中市西區東興路三段164號,,,
桃獸師開執字第97號,桃園市龜山區萬壽路2段960號1樓,,,
北市獸業字第353號,臺北市成功路4段311號1樓,,,
竹縣字第16號,新竹縣新豐鄉新興路158-3號,,,
彰府農防師開字第88號,彰化市旭光路184號,,,
屏獸開字第79號,屏東縣內埔鄉內田村學人路707號,,,
北縣獸醫業字第211號,新北市永和區中和路325號1樓,,,
嘉府獸師開字第51號,嘉義縣朴子市永和里140-11號,,,
高市獸師開字第214號,高雄市前金區自強三路213號1、2樓,,,
北縣獸醫業字第210號,土城區學成路100號1樓及地下1樓,,,
南市獸開字第109號,臺南市成功路297號,,,
屏獸開字第78號,屏東縣潮州鎮光春路121-2號,,,
中市獸醫開字第194號,台中市北區雙十路二段77號,,,
桃獸師開執字第179號,桃園市中寧街23號,,,
東府獸師開字第14號,台東市豐榮里31鄰仁和街108號,,,
中市獸醫開字第193號,臺中市西屯區福科路537號(1-3樓),,,
屏獸開字第77號,屏東市忠孝路169-1號,,,
北縣獸醫業字第208號,新北市新莊區福營路242號1樓及B1,,,
高市獸師開字第213號,高雄市鼓山區中華一路2號,,,
桃獸師開執字第177號,桃園市民生路228號,,,
屏獸開字第28號,屏東縣九如鄉東寧村東都街45巷7弄6號,,,
嘉市獸開字第79號,嘉義市吳鳳南路669號,,,
北縣獸醫業字第207號,新莊區中和街93號,,,
屏獸開字第14號,屏東市民生路12-12號,,,
屏獸開字第6號,屏東市復興南路一段100號,,,
屏獸開字第50號,屏東市民學路36-2號,,,
屏獸開字第63號,屏東市豐榮街189號,,,
高市獸師開字第211號,高雄市前鎮區復興三路313號1~2樓,,,
高市獸師開字第210號,高雄市鳳山區五常街44號,,,
高市獸師開字第209號,高雄市楠梓區後勁西路236號,,,
(95)疫政字第681號,金門縣金城鎮民權路30巷2弄1號,,,
嘉府獸師開字第48號,嘉義縣義竹鄉東光村59號,,,
屏獸開字第1號,屏東縣內埔鄉內埔村仁智路40號,,,
北縣獸醫業字第205號,新莊區中正路603號,,,
南市獸開字第105號,臺南市中西區府連路31號,,,
桃獸師開執字第172號,桃園市建國路218號1樓,,,
基市獸開字第22號,基隆市仁一路139號,,,
彰府農防師開字第87號,彰化縣北斗鎮興農路2段228號,,,
投府農畜師開字第23號,南投縣埔里鎮北澤街62號,,,
屏獸開字第76號,屏東縣長治鄉中興路100號,,,
苗縣獸開字第95022號,苑裡鎮中山路156-1號,,,
高市獸師開字第208號,高雄市楠梓區興西路137號,,,
高市獸師開字第206號,高雄市左營區自由二路17號,,,
嘉府獸師開字第46號,嘉義縣中埔鄉和睦村公館59號之1,,,
屏獸開字第75號,屏東市公裕街266號,,,
竹市建農字第950006565號,新竹市經國路2段17-1號,,,
南市獸開字第21號,臺南市文平路545號,,,
北市獸業字第347號,臺北市士林區福國路17-1號及19-1號1樓,,,
北市獸業字第348號,臺北市大安區和平東路2段201號1樓,,,
東府獸師開字第13號,台東市中華路二段325號,,,
北市獸業字第346號,臺北市大同區重慶北路3段185號1樓,,,
高縣獸醫開字第300號,高雄市鳳山區光遠路254號,,,
彰府農防師開字第85號,彰化市彰南路2段180號,,,
南市獸開字第55號,臺南市金華路2段39巷1號,,,
屏獸開字第74號,屏東縣萬丹鄉和平東路37號,,,
南市獸開字第52號,臺南市德安街65號,,,
高市獸師開字第204號,高雄市左營區博愛3路180號,,,
府農畜開字第22號,花蓮縣花蓮市中正路140號,,,
高縣獸醫開字第299號,高雄市鳳山區凱旋路100號,,,
南市獸開字第102號,臺南市東區東和路34號,,,
北縣獸醫業字第199號,新北市林口區文化一路1段119號,,,
嘉府獸師開字第45號,嘉義縣太保市北港路2段250之10號,,,
南市獸開字第101號,臺南市成功路357號,,,
南市獸開字第93號,台南市公園路591-34號,,,
彰府農防師開字第83號,彰化縣埤頭鄉豐崙村沙崙路16號,,,
竹縣字第15號,新竹縣竹東鎮中興路一段189號,,,
中市獸醫開字第185號,台中市南屯區大業路598號,,,
中縣畜開字第116號,大雅區民生路1段290號,,,
南市獸開字第88號,臺南市國華街1段126號,,,
高市獸師開字第203號,高雄市三民區天祥1路183號,,,
雲診字第73號,雲林縣北港鎮西勢里義民路41-5號,,,
桃獸師開執字第160號,桃園市中壢區中山東一段35號,,,
投府農畜師開字第22號,南投縣草屯鎮成功路一段359號,,,
中縣畜開字第114號,霧峰區中正路1112號,,,
屏獸開字第31號,屏東縣潮州鎮民治路14號,,,
桃獸師開執字第157號,桃園市三民路381號,,,
中縣畜開字第112號,烏日區中山路一段406號,,,
屏獸開字第72號,屏東縣潮州鎮(里)建基路66號,,,
高市獸師開字第202號,高雄市左營區自由四路35號,,,
北縣獸醫業字第194號,新北市永和區中正路474號1樓,,,
屏獸開字第73號,屏東市勝利路57號,,,
北市獸業字第344號,臺北市中山區民權東路2段57號,,,
中市獸醫開字第179號,台中市南區工學路55號,,,
桃獸師開執字第156號,桃園市新埔七街134號,,,
高市獸師開字第201號,高雄市三民區明誠一路326號,,,
府建農字第78號,嘉義市興業東路18號,,,
中縣畜開字第111號,太平區鵬儀路1-4號,,,
中市獸醫開字第178號,台中市北屯區舊社里33鄰崇德二路一段28號,,,
中縣畜開字第110號,烏日區烏日村7鄰新興路111號,,,
南縣獸師診開字第165號,台南市永康區正強街139號,,,
桃獸師開執字第154號,桃園市桃園區民生路374號,,,
高市獸師開字第200號,高雄市前鎮區瑞隆路228號,,,
北市獸業字第342號,臺北市民權東路6段57號,,,
雲診字第72號,雲林縣褒忠鄉新湖村新湖路29號,,,
高市獸師開字第199號,高雄市鼓山區華泰路263號,,,
北市獸業字第122號,台北市青年路164號,,,
南市獸開字第96號,臺南市北區臨安路2段279號,,,
南市獸開字第73號,臺南市健康路1段345號,,,
嘉府獸師開字第42號,竹崎鄉桃源村15鄰勝源18之1號,,,
北市獸業字第339號,臺北市信義區松山路315-2號1樓,,,
北縣獸醫業字第185號,新北市汐止區新台五路2段28號,,,
南縣獸師診開字第164號,台南市白河區中山路1之16號,,,
北縣獸醫業字第184號,新北市淡水區民生路八號,,,
高市獸師開字第197號,高雄市三民區建工路559號,,,
南縣獸師診開字第163號,台南市柳營區光福村成功街139號,,,
竹市建農字第26265號,新竹市明湖路432號,,,
桃獸師開執字第183號,桃園市中山路764號,,,
雲診字第69號,雲林縣北港鎮民有路80號,,,
中縣畜開字第108號,豐原區三豐路119號,,,
中市獸醫開字第170號,台中市北屯區昌平路一段95-9號,,,
中縣畜開字第107號,太平區宜昌路525號,,,
高市獸師開字第195號,高雄市左營區嘉慶街46號,,,
桃獸師開執字第146號,龜山鄉萬壽路2段918號,,,
府農畜開字第21號,花蓮市中華路325號之7,,,
桃獸師開執字第145號,中壢市中華路一段408號,,,
桃獸師開執字第144號,桃園市桃園區寶慶路422號,,,
中市獸醫開字第169號,台中市南屯區大墩11街783號,,,
高縣獸醫開字第282號,高雄市鳳山區新武里瑞隆東路266號,,,
中市獸醫開字第164號,台中市西屯區台中港路二段64-11號二樓,,,
中市獸醫開字第163號,台中市北區進化北路378之24號,,,
桃獸師開執字第143號,桃園市龜山區新路里自強南路82號,,,
北市獸業字第337號,台北市文山區興隆路2段224之4號1樓,,,
中縣畜開字第28號,大里區永隆一街261號,,,
北縣獸醫業字第174號,新北市中和區連城路358號1樓,,,
府農畜開字第20號,花蓮縣吉安鄉建國路1段9號,,,
北縣獸醫業字第171號,新北市淡水區中山北路一段一九十號,,,
南縣獸師診開字第160號,台南市新營區復興路156號,,,
中市獸醫開字第162號,台中市北屯區文心路四段三二五號,,,
北縣獸醫業字第170號,淡水區民族路29巷40號1-2樓,,,
九三府農畜字第69764號,宜蘭縣五結鄉成興村利寶路60號,,,
北縣獸醫業字第167號,林口區文化二路一段五十號,,,
東府獸師開字第4號,台東市傳廣路225號,,,
彰化農防師字第77號,彰化縣芳苑鄉三合村埤北路37號,,,
桃獸師開執字第45號,桃園市平鎮區民族路2段29號,,,
北縣獸醫業字第164號,中和區連城路72號,,,
桃獸師開執字第141號,桃園市八德區介壽路2段260號,,,
中市獸醫師開字第161號,台中市南區美村路二段88號,,,
九三府農畜字第21935號,宜蘭市大東里新民路六十八號,,,
北市獸業字第279號,台北市市民大道四段77號,,,
北縣獸醫業字第162號,土城區中華路1段22號,,,
嘉府獸師開字第41號,嘉義縣中埔鄉和美村仁義路155號,,,
雲診字第67號,雲林縣北港鎮大同路319號,,,
屏獸開字第59號,屏東市廣東路29號,,,
北縣獸醫業字第160號,新店區民族路三二號,,,
高市獸師開字第187號,高雄市三民區鼎中路753之37號,,,
桃獸師開執字第136號,桃園市大園區中山南路75巷14號,,,
中市獸醫師開字第159號,台中市北區學士路240號,,,
北市獸業字第330號,臺北市內湖區成功路五段十號一樓,,,
桃獸師開執字第135號,中壢市環北路447號,,,
桃獸師開執字第134號,中壢市新興路245號,,,
北市獸業字第247號,臺北市士東路三十九號一樓,,,
東府獸佐開字第12號,台東市開封街575號,,,
基市獸開字第21號,基市基金一路118號,,,
屏獸開字第69號,屏東縣東港鎮中山路88之3號,,,
基市獸開字第20號,基隆市仁一路117號,,,
府建農字第74號,嘉義市中興路716號,,,
南縣獸師診開字第158號,台南市新市區忠孝街168號,,,
南市獸開字第91號,臺南市北區文成路745號,,,
南市獸開字第90號,臺南市安和路四段374之5號,,,
中縣畜開字第100號,台中市后里區福音路42-1號,,,
北市獸業字第140號,台北市北安路571之2號,,,
基市獸開字第19號,基隆市信義區深美街91號,,,
中市獸醫師開字第151號,台中市漢口路四段七八號,,,
南市獸開字第89號,臺南市府前路一段361號,,,
北縣獸醫業字第158號,新北市板橋區中國光路77號1樓及57號B1,,,
嘉府獸師開字第39號,嘉義縣六腳鄉六南村六腳200之2號,,,
北縣獸醫業字第157號,新北市板橋區民權路二三二號,,,
北市獸業字第226號,臺北市羅斯福路三段三八號一樓,,,
中縣畜開字第99號,台中市太平區宜欣里宜昌路217號,,,
北縣獸醫業字第156號,新北市板橋區文化路1段182號1樓,,,
北縣獸醫業字第155號,板橋區中山路二段一八一號,,,
北縣獸醫業字第154號,板橋區民族路101號,,,
北縣獸醫業字第153號,板橋區文化路2段11號1樓及2樓,,,
南市獸開字第87號,臺南市東門路二段227號,,,
北縣獸醫業字第151號,新北市中和區福祥路一二九號,,,
投府農畜師開字第21號,埔里鎮西安路一段三三八號,,,
高市獸師開字第166號,高雄市三民區覺民路74號,,,
雲診字第65號,雲林縣崙背鄉水尾村28號,,,
高縣獸醫開字第242號,高雄市岡山區中華路13-5號,,,
桃獸師開執字第129號,桃園市民生路610號,,,
北市獸業字第326號,臺北市松山區八德路4段214-1、218號1樓,,,
屏獸開字第66號,屏東縣潮州鎮朝昇東路339號,,,
彰化農防師字第71號,彰化縣溪湖鎮東環路車頭巷16號,,,
中縣畜開字第91號,大里區新里里新興路137號,,,
雲診字第64號,雲林縣斗六市文化路344號,,,
北縣獸醫業字第145號,新北市板橋區民權路250號,,,
雲診字第63號,雲林縣斗六市中正路133號1樓,,,
高市獸師開字第151號,高雄市小港區宏平路360號,,,
桃獸師開執字第124號,桃園市中壢區元化路2段50號,,,
中縣畜開字第94號,台中市豐原區育才街35號,,,
桃獸師開執字第121號,桃園市中壢區廣安街十號,,,
桃獸師開執字第122號,桃園市龍潭區東龍路285號,,,
中市獸醫師開字第132號,台中市西區向上南路一段一八四號,,,
北縣獸醫業字第140號,新北市新店區北新路二段九十四號,,,
北縣獸醫業字第139號,新北市汐止區大同路二段二八四號,,,
桃獸師開執字第118號,桃園市龍潭區中興路三九二巷十二號,,,
雲診字第62號,斗六市太平路一八六號,,,
桃獸師開執字第116號,桃園市平鎮區延平路二段二九四號,,,
桃獸師開執字第114號,桃園市大溪區介壽路796號,,,
北縣獸醫業字第136號,新北市板橋區雙十路二段四號1樓及2樓,,,
雲診字第61號,雲林縣斗南鎮延平路一段一二一號,,,
高市獸開字第184號,高雄市左營區新庄仔路556號,,,
中市獸醫師開字第135號,台中市台中路283號,,,
中市獸醫師開字第155號,台中市北屯區山西路二段二一九號,,,
北縣獸醫業字第134號,新北市板橋區四川路一段二三四號,,,
嘉府獸師開字第35號,嘉義縣民雄鄉東榮村文化路24之4號,,,
屏獸開字第64號,屏東市中正路193號,,,
桃獸師開執字第113號,桃園市大有路159號,,,
北市獸業字第321號,臺北市研究院路一段七十二號一F,,,
北縣獸醫業字第131號,永和區中山路一段二三三號一樓,,,
北縣獸醫業字第130號,新莊區公園路一六０號一樓,,,
東府獸師開字第11號,台東市更生路574號,,,
高縣獸醫開字第220號,高雄市大寮區中莊里鳳屏一路658號,,,
北縣獸醫業字第127號,新北市新莊區新泰路158號,,,
北市獸業字第20號,台北市新生南路二段80-3號1樓,,,
東府獸師開字第6號,台東市更生路540號,,,
中縣畜開字第92號,台中市豐原區圓環南路117號,,,
高縣獸醫開字第77號,高雄市仁武區仁和里仁忠路192號,,,
府農畜開字第14號,花蓮縣壽豐鄉中山路6段174號,,,
雲診字第59號,麥寮鄉中山路350號,,,
彰府農防師字第64號,彰化縣員林鎮靜修路67-2號,,,
府農畜開字第15號,花蓮市中原路552號,,,
嘉縣獸師開字第34號,嘉義縣義竹鄉龍蛟村2之2號,,,
北縣獸醫業字第123號,永和區竹林路133-2號,,,
北市獸業字第319號,臺北市忠誠路一段102號一樓,,,
府農畜開字第13號,花蓮市和平路635號,,,
雲診字第58號,雲林縣北港鎮大同里文化路116號,,,
嘉縣獸醫師開字第33號,嘉義縣太保市祥和三路東段266號,,,
北縣獸醫業字第120號,新北市鶯歌區文化路三八三號,,,
高縣獸醫開字第218號,高雄市林園區林園里福興街137號,,,
雲診字第57號,西螺鎮光復東路7號,,,
屏獸開字第61號,屏東縣內埔鄉光明路525-1號,,,
南縣獸師診開字第157號,柳營區篤農村小腳腿251之62號,,,
北市獸業字第98號,臺北市內湖區文德路九號一樓,,,
雲診字第56號,麥寮鄉中山路383號,,,
彰府農畜師字第63號,永靖鄉中山路一段837號,,,
高縣獸醫開字第214號,高雄市杉林區上平里山仙路47-2號,,,
彰府農防師字第62號,彰化縣埔鹽鄉彰水路一段365巷2號,,,
彰府農畜師字第58號,彰化市永安街277巷10號,,,
彰府農畜師字第57號,員林鎮惠明街26號,,,
南縣獸師診開字第155號,佳里區子龍里176之1號,,,
北縣獸醫業字第116號,新北市淡水區中正東路6號,,,
北縣獸醫業字第114號,新北市新莊區中港路256號,,,
北市獸業字第314號,臺北市廣州街78號1樓,,,
桃獸師開執字第54號,桃園市蘆竹區中正路229號,,,
雲診字第54號,虎尾鎮和平路29號,,,
嘉縣獸醫師開字第31號,嘉義縣義竹鄉埤前村1鄰埤子頭183號,,,
彰府農防師開字第59號,員林鎮員水路一段228號,,,
南縣獸師診開字第154號,鹽水區月津路23號,,,
高縣獸醫開字第211號,高雄市左營區新莊一路183號,,,
高市獸師開字第180號,高雄市苓雅區復興二路148號,,,
屏獸開字第60號,屏東市民生路61-23號,,,
府農畜字第18173號,宜蘭市中華路97號,,,
北縣獸醫業字第109號,土城區中央路一段228號1樓,,,
高縣獸醫開字第62號,高雄市岡山區柳橋西路22-2號,,,
高縣獸醫開字第208號,高雄市旗山區旗文路111-1號,,,
北縣獸醫業字第108號,三峽區秀川街四號,,,
雲診字第52號,斗六市鎮西里保長路46-2號,,,
高縣獸醫開字第32號,高雄市岡山區正言街68號,,,
雲診字第49號,斗南鎮西歧里建國一路65號,,,
雲診字第51號,褒忠鄉三民路147巷6-2號,,,
雲診字第50號,土庫鎮民生路110-2號,,,
高縣獸醫開字第121號,高雄市鳳山區中山路41號,,,
南市獸開字第14號,台南市公園路535號,,,
高縣獸醫開字第55號,高雄市大社區中山路98號,,,
北市獸業字第285號,臺北市中山區長春路336號1樓,,,
北縣獸醫業字第105號,土城區青雲路37之2號,,,
高縣獸醫開字第98號,高雄市湖內區公館里中華街229號,,,
北市獸業字第308號,台北市北投區中央北路一段149號,,,
高縣獸醫開字第21號,高雄市鳳山區中山西路62號,,,
高縣獸醫開字第36號,高雄市鳳山區五甲二路399號,,,
高縣獸醫開字第46號,高雄市鳳山區光遠路262號,,,
高縣獸醫開字第45號,高雄市岡山區後興北路3號,,,
高縣獸醫開字第52號,高雄市鳳山區經武路206號,,,
中縣畜開字第89號,台中市神岡區中山路509號,,,
桃獸師開執字第106號,桃園市中壢區中央西路2段84號,,,
高縣獸醫開字第16號,高雄市鳳山區中山西路254號,,,
高縣獸醫開字第206號,高雄市阿蓮區復安里復安60號,,,
北縣獸醫業字第104號,中和區南華路六十號,,,
高縣獸醫開字第205號,高雄市旗山區延平路748號,,,
中市獸醫師開字第149號,台中市南區南平路16號,,,
北縣獸醫業字第102號,淡水區北新路31號1樓,,,
北縣獸醫業字第101號,淡水區學府路4號,,,
南市獸開字第85號,台南市府前路二段199號,,,
桃獸師開執字第103號,"桃園市龍潭區北龍路122號,126巷2號",,,
北市獸業字第254號,台北市內湖區東湖路7巷七號1樓,,,
北市獸業字第291號,台北市龍江路260號,,,
南縣獸師診開字第151號,台南市永康區忠孝路445號,,,
高縣獸醫開字第129號,高雄市路竹區中山路468號,,,
高縣獸醫開字第35號,高雄市鳳山區新興里維新路153號,,,
投府農畜師開字第18號,南投縣竹山鎮集山路3段331號,,,
北縣獸醫業字第99號,新莊區壽山路4號,,,
北縣獸醫業字第96號,蘆洲區中山一路一六九號,,,
中縣畜開字第87號,台中市潭子區頭家村中山路一段172號,,,
南市獸開字第34號,台南市安中路3段228號,,,
北縣獸醫業字第94號,新莊區公園路122號1樓,,,
南市獸開字第32號,台南市中華北路2段15號,,,
南市獸開字第26號,台南市裕農路308號,,,
桃府獸字第101號,桃園市中山路632號,,,
北府畜醫業字第144號,三重區三和路四段266號1樓,,,
高市獸開字第177號,高雄市苓雅區四維二路96-3號及地下室,,,
屏獸開字第56號,屏東市勝利路208-2號,,,
南縣獸師診開字第150號,台南市麻豆區新建里麻學路一段15-3號9樓,,,
桃獸師開執字第100號,中壢市環中東路860號,,,
中市獸醫師開字第148號,台中市南區忠明南路578號,,,
屏獸開字第55號,潮州鎮三星里福星路39號,,,
南縣獸師診開字第149號,台南市關廟區中山路一段211號,,,
屏獸開字第54號,屏東市中正路610號,,,
高市獸開字第176號,高雄市左營區民族一路1028-13號,,,
中縣畜開字第84號,台中市大里區大明街312號,,,
北縣獸醫業字第87號,新北市蘆洲區民族路522號,,,
高雄獸師開字第175號,高雄市新興區五福二路152號1樓,,,
府建農字第69號,嘉義市中山路650號,,,
北縣獸醫業字第86號,永和區中正路603號,,,
桃獸師開執字第98號,蘆竹鄉南崁中正路379號,,,
中市獸醫師開字第146號,臺中市西屯區河南路二段108號,,,
中市獸醫師開字第145號,台中市北屯區進化北路294號,,,
北市獸業字第301號,台北市南港路一段289之1號1樓,,,
桃獸師開執字第8號,桃園市萬壽路三段179號,,,
屏獸開字第52號,屏東市公裕街142號,,,
苗縣獸師開字第9號,,,,
屏獸開字第51號,東港鎮中正路一段112號,,,
南縣獸師診開字第148號,台南市永康區中華路591號,,,
北縣獸醫業字第84號,蘆洲區民族路60號,,,
桃獸師開執字第93號,桃園市三民路一段24號,,,
桃獸師開執字第95號,桃園市八德區介壽路2段464號,,,
南市獸開字第79號,台南市中華南路1段122號,,,
彰府農畜師字第55號,彰化市進德路90號,,,
彰府農畜師字第51號,彰化市中山路二段955號,,,
府建農字第65號,嘉義市金龍街155號,,,
嘉府獸師開字第26號,嘉義縣新港鄉福德路112號,,,
府建農字第66號,嘉義市中興路489號,,,
高市獸開字第172號,高雄市三民區建德路133號,,,
北縣獸醫業字第82號,五股區工商路40號1樓,,,
高縣獸醫開字第159號,高雄市林園區林園里林園北路434號,,,
雲診字第46號,斗南鎮光和路17巷3號2樓,,,
北縣獸醫業字第80號,永和區得和路261號,,,
南縣獸師診開字第145號,台南市仁德區後壁村中正路二段215號,,,
高縣獸醫開字第141號,高雄市仁武區大豐路112號,,,
北縣獸醫業字第76號,板橋區民權路258之2號1樓,,,
中縣畜開字第80號,台中市大里區立新街226號,,,
高縣獸醫開字第75號,高雄市鳳山區中山西路255號,,,
南縣獸師診開字第143號,台南市永康區復興路378號,,,
南市獸開字第77號,臺南市永康區勝利街1巷56號,,,
北縣獸醫業字第74號,新店區中正路429號1樓,,,
高縣獸醫開字第104號,高雄市仁武區仁福里仁安三巷24號,,,
南縣獸師診開字第142號,台南市善化區大成路144號,,,
竹市建農字第7314號,新竹市水田街177號,,,
屏獸開字第49號,屏東縣鹽埔鄉鹽北村中山路52號,,,
北縣獸醫業字第72號,樹林區中山路一段201號1樓,,,
屏獸開字第48號,屏東市中正路562號,,,
北縣獸醫業字第69號,泰山區泰林路二段204號,,,
北市獸業字第295號,台北市大同區民生西路105號1樓,,,
北縣獸醫業字第68號,三重區自強路四段107號,,,
雲診字第45號,西螺鎮光復西路64號,,,
高縣獸醫開字第153號,高雄市鳳山區五甲三路179號,,,
屏獸開字第47號,內埔鄉光明路605號,,,
北市獸業字第284號,台北市金山南路1段92號1樓,,,
中縣畜開字第79號,台中市潭子區中山路二段305號,,,
中市獸醫師開字第141號,台中市東區十甲路230號,,,
南市獸開字第76號,臺南市北區北安路一段89號,,,
北縣獸醫業字第66號,中和區景新街473號1樓,,,
基市獸開字第10號,基隆市義一路188號,,,
基市獸開字第8號,基隆市成功二路54號,,,
屏獸開字第45號,屏東縣佳冬鄉羌園村羌光路3-37號,,,
基市獸開字第5號,基隆巿七堵區明德一路125號,,,
基市獸開字第7號,基隆市安一路107號,,,
北縣獸醫業字第63號,淡水區水源里楓樹湖12-6號,,,
基市獸開字第3號,基隆巿仁二路138號,,,
基府獸開字第6號,基隆市中興路26號,,,
基府獸開字第4號,基隆市信義區信二路106號,,,
屏獸開字第44號,屏東市重慶路69號,,,
南縣獸師診開字第141號,台南市東山區東正村261號,,,
竹市建農字第64112號,新竹市光復路一段268巷13號,,,
北市獸業字第287號,台北市松山區健康路187號1樓,,,
澎府農務字第51674號,澎湖縣馬公市中華路293號,,,
雲診字第44號,斗南鎮中天里順安街173號,,,
府建農字第58號,嘉義市東區吳鳳北路259號,,,
高縣獸醫開字第91號,高雄市鳳山區南福街200號,,,
澎府農務字第47271號,澎湖縣馬公市中華路308號,,,
中縣畜開字第77號,臺中市大里區國光路二段555-5及555-6號,,,
高縣獸醫開字第149號,高雄市鳳山區光遠路18號,,,
高縣獸醫開字第148號,高雄市大寮區鳳林三路827號,,,
嘉府獸師開字第20號,嘉義縣東石鄉溪下村74號,,,
北市獸業字第283號,台北市松山區光復北路164號1樓,,,
屏獸開字第40號,里港鄉里港路133號,,,
中縣畜開字第75號,烏日區中山路一段455號,,,
中市獸醫師開字第134號,台中市漢口路三段171號,,,
中縣畜開字第74號,台中市龍井區遊園路97號,,,
北縣獸醫業字第57號,新北市永和區永貞路82號,,,
中市獸醫師開字第133號,台中市西屯區西屯路三段148之37號,,,
雲診字第42號,土庫鎮石廟里復興路107號,,,
竹市建農字第26515號,新竹市中華路二段613號,,,
府建農字第45號,嘉義市新民路580號,,,
雲診字第41號,虎尾鎮公安路344號,,,
府農畜開字第10號,花蓮縣五里鎮光復路120號,,,
雲診字第40號,麥寮鄉麥津村中山路412-1號,,,
屏獸開字第37號,屏東市公館里公成路14號,,,
高雄獸師開字第161號,高雄市楠梓區常德路308號,,,
嘉府獸師開字第19號,嘉義縣朴子市永和里38-27號,,,
屏獸開字第34號,屏東市和平路66號,,,
南縣獸師診開字第140號,台南市新營區隨唐街51號,,,
雲診字第39號,斗南鎮東仁里南昌路34號,,,
屏獸開字第17號,屏東縣新埤鄉新埤村新中路89號,,,
北縣獸醫業字第53號,新北市三重區正義北路296號1樓,,,
桃獸師執字第80號,桃園市中山路690之1號,,,
高雄獸師開字第159號,高雄市前鎮區草衙一路17號,,,
雲診字第36號,虎尾鎮西安里林森路二段395號,,,
屏獸開字第32號,萬巒鄉村民和路122號,,,
竹縣字第9號,新竹縣竹北市中華路135號,,,
八五府建農字第字第51號,嘉義市興業西路371號,,,
南縣獸師診開字第138號,台南市佳里區禮化里318號,,,
桃獸師開執字第17號,桃園市中山路419號,,,
桃府獸字第35號,中壢市環中東路二段380號,,,
雲診字第33號,雲林縣二崙鄉義庄村新庄路129號,,,
北縣獸醫業字第50號,樹林區文化街100號,,,
嘉府獸師開字第17號,嘉義縣民雄鄉福樂里光明二街228號,,,
南市獸開字第45號,台南市崇明路167號,,,
南縣獸師診開字第136號,臺南市歸仁區歸仁里文化街ㄧ段143號,,,
雲診字第30號,雲林縣西螺鎮漢光里中正路171巷5號,,,
中縣畜開字第71號,台中市豐原區向陽路243號,,,
南縣獸師診開字第134號,台南市永康區中華路16號,,,
北縣獸醫業字第47號,新北市蘆洲區仁德里二鄰信義路235巷2號,,,
北縣獸醫業字第44號,新北市中和區連城路273號,,,
竹市建農字第76732號,新竹市民富街57號,,,
雲診字第28號,雲林縣四湖鄉湖寮村下寮67號,,,
雲診字第26號,雲林縣斗南鎮順安街30號,,,
雲診字第27號,雲林縣虎尾鎮下溪里大庄37-32號,,,
雲診字第29號,雲林縣斗六市西平路18-1號,,,
北縣獸醫業字第40號,新莊區福壽街212號,,,
北市獸業字第232號,台北大安區瑞安街180巷2號1樓,,,
屏獸開字第30號,內埔鄉內田村學人路717號,,,
南縣獸師診開字第133號,台南市新營區中山路174號,,,
南縣獸師診開字第132號,台南市新營區新進路二段96號,,,
屏獸開字第26號,潮州鎮新榮里新生路19-2號,,,
屏獸開字第24號,屏東市大連路62-15號,,,
屏獸開字第23號,麟洛鄉麟趾村中正路75號,,,
屏獸開字第22號,長治鄉新潭村(巷)26-1號,,,
中市獸醫師開字第129號,台中市國光路250-1號,,,
南市獸開字第60號,台南市崇學路198號,,,
東府獸師開字第3號,台東市光明里13鄰新成街20號,,,
屏獸開字第21號,屏東市民權路40號,,,
北縣獸醫業字第36號,新北市淡水區中山路159-2號1樓,,,
竹市建農字第45106號,新竹市光復路一段125號,,,
竹市建農字第45102號,新竹市四維路96號1樓,,,
嘉府獸師開字第14號,嘉義縣中埔鄉鹽館村下庄仔50號,,,
嘉府獸師開字第13號,嘉義縣民雄鄉建國路3段110號,,,
86府農畜字第85005號,苗栗市至公路229號,,,
南市獸開字第41號,台南市崇明路463號,,,
高雄獸師開字第152號,高雄市鼓山區華榮路240-6號,,,
北縣獸醫業字第30號,新北市蘆洲區民族路522號,,,
中市獸醫師開字第126號,台中市北屯區北屯路32號,,,
北縣獸醫業字第26號,永和區永利路95號,,,
北縣獸醫業字第24號,泰山區明志路一段468號,,,
北縣獸醫業字第25號,新店區三民路102號,,,
北縣獸醫業字第23號,新北市蘆洲區中正路277號,,,
南縣獸師診開字第130號,台南市新營區太北里5-14號,,,
中縣畜開字第69號,台中市豐原區三豐路167號,,,
北縣獸醫業字第21號,板橋區南雅西路2段9號,,,
北縣獸醫業字第20號,永和區中山路1段29號,,,
南市獸開字第69號,台南市東寧路331號,,,
嘉府獸師開字第11號,嘉義縣太保市北港路2段403巷251弄14號,,,
雲診字第22號,雲林縣斗六市永昌西街177號,,,
府建農字第44號,嘉義市東區檜村里1鄰民權路208號,,,
屏獸開字第20號,屏東縣潮州鎮永坤路137號,,,
南市獸開字第29號,台南市東門路3段3-1號,,,
南市獸開字第40號,台南市東門路1段96號,,,
南市獸開字第19號,台南市明興路114號,,,
苗獸開字第85004號,頭份鎮忠孝一路3號,,,
嘉府獸師開字第10號,嘉義縣中埔鄉社口村檨仔林66-2號,,,
北縣獸醫業字第19號,板橋區新海路三十號,,,
北縣獸醫業字第18號,新店區環河路15號,,,
北市獸業字第194號,台北市文山區興隆路一段1號1樓,,,
雲診字第19號,雲林縣二崙鄉大庄村大庄路50號,,,
南市獸開字第43號,台南市北忠街146號,,,
南市獸開字第18號,台南市中華北路二段8號,,,
雲診字第21號,雲林縣麥寮鄉麥豐村興化寮62號,,,
雲診字第20號,雲林縣崙背鄉南陽村中山路40-48號,,,
北縣獸醫業字第17號,永和區中山路一段259號1樓,,,
中市獸醫師開字第128號,台中市西屯區成都路325號,,,
雲診字第14號,雲林縣崙背鄉草134號-1,,,
雲診字第17號,雲林縣斗六市天祥街77號,,,
雲診字第15號,雲林縣斗南鎮明昌里南昌西路63號,,,
雲診字第18號,雲林縣二崙鄉崙東村中山路1段199巷6號,,,
雲診字第16號,雲林縣西螺鎮光華里平和路162號,,,
高雄獸師開字第150號,高雄市新興區新田路39號,,,
南縣獸師診開字第125號,臺南市新營區太子路53巷7弄40號,,,
雲診字第13號,雲林縣元長鄉合和村合和40號,,,
北縣獸醫業字第16號,板橋區重慶路194號,,,
屏獸開字第13號,屏東縣潮州鎮延平路173號,,,
宜府農畜字第23887號,宜蘭市小東路22-6號,,,
北市獸業字第170號,台北市北投區大業路394號1樓,,,
北縣獸醫業字第15號,土城區延平街80號1樓,,,
北縣獸醫業字第13號,新店區安康路二段171號1樓,,,
北縣獸醫業字第14號,深坑區北深路二段八十二號,,,
屏獸開字第12號,屏東縣潮州鎮新生路13-6號,,,
彰府農畜師字第20號,鹿港鎮中正路402之1號,,,
南市獸開字第68號,臺南市崇學路155號,,,
中市獸醫師開字第125號,台中市南屯路二段2-5號,,,
中市獸醫師開字第123號,台中市西區忠義街38巷7弄3號,,,
南縣獸師診開字第121號,台南市麻豆區中山路153-2號,,,
嘉府獸師開字第5號,嘉義縣中埔鄉中山路862號,,,
北市獸業字第237號,台北市興隆路四段108號,,,
高雄獸師開字第149號,高雄市苓雅區和平一路149-13號,,,
府農畜開字第12號,花蓮縣吉安鄉仁和村海岸路296號,,,
南縣獸師診開字第118號,台南市後壁區竹新村38-4號,,,
南縣獸師診開字第117號,台南市麻豆區東角里民生路17-15號,,,
南縣獸師診開字第115號,臺南市後壁區頂安里345號,,,
嘉府獸師開字第4號,嘉義縣大林鎮四維街138號,,,
嘉府獸師開字第2號,嘉義縣中埔鄉裕民村水仔尾5號,,,
嘉府獸師開字第3號,嘉義縣朴子市永和里111-4號,,,
苗獸開字第85001號,竹南鎮中正路159號,,,
北縣獸醫業字第10號,板橋區三民路2段204-2號,,,
中縣畜開字第66號,台中市沙鹿區鹿寮里成功東街92-1號,,,
雲診字第12號,雲林縣麥寮鄉麥豐村明德街58號,,,
高雄獸師開字第148號,高雄市楠梓區楠梓路71號,,,
南縣獸師診開字第110號,台南市新化區中正路515號,,,
南縣獸師診開字第109號,台南市新營區新北街56號,,,
東府獸師開字第2號,台東市中華路二段337號,,,
屏獸開字第9號,屏東市重慶路211號,,,
南縣獸師診開字第108號,六甲區菁埔村林鳳營317號,,,
南縣獸師診開字第107號,台南市柳營區旭山村山仔腳47-10號,,,
竹市建農字第53608號,新竹市南大路48號,,,
府建農字第38號,嘉義市體育路67-1號,,,
南縣獸師診開字第100號,台南市永康區大灣路340號,,,
南縣獸師診開字第101號,台南市歸仁區中山路132號,,,
中縣畜開字第65號,台中市太平區中山路四段223號,,,
南縣獸師診開字第99號,台南市六甲區甲東村曾文街49-3號,,,
南縣獸師診開字第98號,台南市學甲區中正路140號,,,
南縣獸師診開字第95號,台南市新營區進修街99號,,,
府建農字第5號,嘉義市重興里自由路63號,,,
南縣獸師診開字第92號,台南市新營區民治路6之43號,,,
南縣獸師診開字第93號,台南市白河區蓮潭里北埔五十號,,,
南縣獸師診開字第90號,新營區長榮路一段541號,,,
投府農畜師開字第15號,南投縣名間鄉員集路130號,,,
南縣獸師診開字第87號,台南市新營區新進路一段51號,,,
竹縣字第6號,新竹縣竹北市中正東路350號,,,
屏獸開字第8號,屏東縣萬丹鄉社皮村31-26號,,,
彰府農畜師字第8號,彰化縣鋇靜修路49-3號,,,
彰府農畜師字第7號,彰化縣員林鎮中山路二段477-1號,,,
南市獸開字第31號,台南市西門路一段473號,,,
中市獸醫師開字第121號,台中市北屯區東山路一段216-22號,,,
南市獸開字第17號,台南市府連路190-1號,,,
雲診字第11號,雲林縣褒忠鄉新湖村復興路30號,,,
南市獸開字第24號,台南市成功路418號,,,
南市獸開字第5號,台南市府前路一段168號,,,
南縣獸師診開字第84號,台南市官田區東庄村東庄三號,,,
雲診字第9號,雲林縣斗六市榮譽路974巷75號,,,
雲診字第10號,雲林縣二崙鄉來惠村惠來路65-3號,,,
南市獸開字第48號,台南市永華路100號,,,
南縣獸師診開字第83號,台南市下營區開化村二鄰中營118號,,,
高雄獸師開字第143號,高雄市苓雅區中正二路131之1號,,,
南市獸開字第62號,臺南市永華路1段186號,,,
雲診字第6號,雲林縣褒忠鄉新湖村復興路17號,,,
中縣畜開字第17號,台中市大甲區頂店里中山路一萬1010-9號,,,
高市獸開字第66號,高雄市苓雅區建國一路15-7號,,,
桃獸師開執字第66號,桃園市永安路267號,,,
彰府農畜師字第3號,彰化縣溪湖鎮二溪路1段432號,,,
高雄獸師開字第142號,高雄市小港區平和路43號,,,
府建農字第34號,嘉義市中山路234號,,,
府建農字第35號,嘉義市新生路214號1-2樓,,,
北府畜醫業字第135號,新北市樹林區中正路757號,,,
府建農字第16號,嘉義市民樂街122巷2號,,,
府建農字第17號,嘉義市吳鳳南路50-1號,,,
雲診字第5號,雲林縣斗六市文化路298號,,,
彰府農畜師字第2號,彰化市中化路二段48號,,,
府建農字第14號,嘉義市公明路34-6號,,,
府建農字第7號,嘉義市吳鳳北路167號,,,
彰府農畜師字第1號,彰化縣員林鎮南平東街18號,,,
雲診字第2號,雲林縣褒忠鄉中民村中正路117號,,,
府建農字第6號,嘉義市世賢路四段350巷27弄6號,,,
府建農字第1號,嘉義市博愛路1段389號,,,
中市獸醫師開字第120號,台中市五權路390號,,,
竹市建農字第22625號,新竹市民權路242號,,,
竹市建農字第22490號,新竹市北大路130號,,,
北市獸業字第253號,台北市民權東路二段152巷22弄2號,,,
竹市建農字第22478號,新竹市北大路300號,,,
竹市建農字第21129號,新竹市西大路656號,,,
竹市建農字第21193號,新竹市食品路423號,,,
中市獸醫師開字第118號,台中市北屯區青島路三段212-1號,,,
高縣獸醫開字第87號,高雄市燕巢區西燕里興隆巷12號,,,
投府農畜師開字第14號,南投市彰仁里中山街110號,,,
投府農畜師開字第13號,南投縣名間鄉南雅村員集路117號,,,
高雄獸師開字第139號,高雄市前鎮區永豐路92號,,,
中市獸醫師開字第117號,台中市崇德路一段582號,,,
桃府獸字第64號,桃園龍潭龍元路58號,,,
中市獸醫師開字第127號,台中市西屯區永福路167號,,,
中縣畜開字第62號,台中市大里區西榮路201號,,,
高雄獸師開字第138號,高雄市小港區宏平路534號,,,
高雄獸師開字第136號,高雄市三民區鼎中路230號,,,
北府畜醫業字第158號,三峽區復興路83號,,,
高雄獸師開字第134號,高雄市前金區成功一路319號,,,
高市建獸醫字第10號,高雄市新興區民生一路34號,,,
北府畜醫業字第155號,三重區三和路四段215巷13號,,,
中市獸醫師開字第115號,台中市西區華美西街一段203號,,,
北府畜醫業字第148號,新莊區復興路二段90號1樓,,,
高雄獸師開字第133號,高雄市小港區沿海一路202號,,,
中市獸醫師開字第113號,台中市北屯區中清路二段840號,,,
高雄獸師開字第130號,高雄市三民區博愛一路273號,,,
北府畜醫業字第147號,新北市蘆洲區中正路142號,,,
中市獸醫師開字第111號,台中市西屯區漢口路一段137號,,,
南縣獸師開字第78號,台南市新營區民生路332號,,,
高雄獸師開字第126號,高雄市三民區鼎中路466號,,,
高雄獸師開字第125號,高雄市三民區民族一路300號,,,
北府畜醫業字第143號,新北市土城區中央路三段141之7號一樓,,,
南縣獸師開字第74號,臺南市佳里區忠仁里建中街46號,,,
屏縣獸醫字第56號,屏東市光武一巷1-14號,,,
竹縣字第5號,竹東鎮東寧路二段328號,,,
中縣畜開字第58號,台中市豐原區富春街77號2號,,,
高雄獸師開字第124號,高雄市楠梓區後昌路1048號,,,
高市獸開字第122號,高雄市新興區七賢一路262號,,,
南市獸開字第57號,台南市金華路一段192號,,,
苗獸開字第12號,苗栗縣竹南鎮環市路一段205號,,,
中縣畜開字第55號,台中市豐原區水源路510號,,,
中縣畜開字第54號,台中市沙鹿區鎮南路二段446號,,,
高市獸開字第120號,高雄市左營區明誠二路204號,,,
中市獸醫師開字第104號,台中市南屯區大墩六街220號,,,
中市獸醫師開字第103號,台中市西屯區漢口路二段3號,,,
北縣獸醫業字第49號,汐止區福德一路二0六巷一號一樓,,,
投府農畜師開字第12號,南投市中興路551號,,,
高市獸開字第118號,高雄市前鎮區草衙二路497號,,,
中縣畜開字第53號,台中市豐原區新生北路59號,,,
中市獸醫師開字第102號,台中市南屯區大聖街250號,,,
南縣獸師開字第64號,台南市永康區大橋里28鄰中華路638號,,,
高市建獸醫字第115號,高雄市苓雅區建國一路74-3號,,,
高市獸開字第114號,高雄市鼓山區九如四路1119號,,,
中縣畜開字第49號,台中市大甲區鎮政路58-7號,,,
高市獸開字第99號,高雄市小港區中安路598號,,,
投府農畜師開字第10號,南投縣草屯鎮中正路854號,,,
竹縣字第3號,竹東鎮東寧路一段61號,,,
北市獸業字第228號,臺北市長沙街2段157號,,,
北府畜醫業字第123號,板橋區四維路174-3號,,,
高市獸開字第110號,高雄市三民區嫩江街58號,,,
竹縣字第2號,竹東鎮仁愛路360號,,,
中縣畜開字第48號,台中市豐原區西安街191號,,,
桃獸師開執字第83號,桃園市龜山區萬壽路二段1141號,,,
投府農畜師開字第9號,南投縣埔里鎮忠孝路160號,,,
高市建獸醫字第109號,高雄市左營區榮耀街28號,,,
高市建獸醫字第107號,高雄市三民區鼎山街466號,,,
高市建獸醫字第106號,高雄市新興區開封路301巷2號,,,
中市獸醫師開字第99號,台中市英才路298號,,,
中市獸醫師開字第98號,台中市北區三民路三段209巷13號,,,
北府畜醫業字第132號,新北市三重區重陽路一段20巷4號1樓,,,
屏獸開字第62號,屏東縣內埔鄉東寧村南寧路184號,,,
桃獸師開執字第42號,桃園市復興路44號,,,
高市建獸醫字第103號,高雄市三民區義華路51號,,,
中縣畜開字第44號,台中市豐原區圓環東路122號,,,
高市獸開字第102號,高雄市鼓山區九如四路1658號,,,
北府畜醫業字第118號,新北市樹林區鎮前街144號,,,
北府畜醫業字第117號,新店區安康路二段115之1號1樓,,,
南縣獸師開字第58號,台南市新營區新進路一０八號,,,
高市獸開字第98號,高雄市苓雅區大順三路230號,,,
南市獸開字第50號,台南市金華路四段6號,,,
高市獸開字第93號,高雄市左營區中華一路3-5號,,,
中市獸醫師開字第90號,台中市南屯區文山里文山三街51巷12號,,,
南縣獸師開字第52號,臺南市安南區北安路3段205號,,,
桃獸師開執字第181號,"桃園市中壢區環中東路二段22,24號",,,
投府農畜師開字第7號,南投縣草屯鎮明正里中正路867號,,,
北府畜醫業字第103號,新莊區中港路398號,,,
投府農畜師開字第6號,南投縣草屯鎮成功路1段68號,,,
北府畜醫業字第102號,中和區景平路167號1樓,,,
高市建獸醫字第91號,高雄市苓雅區林森二路7之2號,,,
中市獸醫師開字第89號,台中市西屯區大墩十八街九六號,,,
北市獸業字第193號,台北市和平西路一段156號,,,
投府農畜師開字第5號,南投市復興路98之1號,,,
投府農畜師開字第4號,南投市虎山路58號,,,
投府農畜師開字第3號,南投縣竹山鎮雲林路44-7號,,,
桃府獸字第38號,桃園市八德區介壽路二段113號,,,
北府畜醫業字第99號,中和區景平路380號1樓,,,
高市建獸醫字第87號,高雄市三民區建工路695號,,,
高市獸開字第87號,高雄市前鎮區和平二路32號,,,
北市獸業字第189號,台北市和平西路三段205號一樓,,,
中市獸醫師開字第88號,台中市東區自由路三段223號,,,
高市建獸醫字第86號,高雄市三民區正忠路101號,,,
中市獸醫師開字第85號,台中市北屯區中清路二段11號,,,
高市獸開字第85號,高雄市新興區復橫一路229號,,,
高市獸開字第84號,高雄市苓雅區光華一路134號,,,
中市獸醫師開字第83號,台中市北屯區河北路二段58號,,,
中市獸醫師開字第79號,台中市北區健行路588號,,,
高市獸開字第81號,高雄市三民區北平二街111號,,,
北府畜醫業字第89號,新北市中和區中興街130號1樓,,,
高市建獸醫字第80號,高雄市苓雅區四維二路46-1號,,,
北府畜醫業字第86號,板橋區陽明街54號1樓,,,
南市獸開字第44號,台南市美南街20號,,,
中市獸醫師開字第78號,台中市北屯區東山路一段152-2號1.2樓,,,
中縣畜開字第29號,台中市太平區中山路四段180號,,,
桃獸師開執字第34號,桃園市八德區介壽路2段274號,,,
北府畜醫業字第85號,新店區北新路一段171號,,,
北市獸業字第174號,台北市敦化南路一段279號,,,
北市獸業字第173號,台北市內湖路一段611號,,,
苗獸開字第8號,苗栗縣苗栗市和平路67號,,,
桃獸師開執字第25號,桃園市春日路975巷4號,,,
南縣獸師開字第42號,台南市佳里區中和街73號,,,
中縣畜開字第25號,台中市龍井區沙田路四段272號,,,
中市獸醫師開字第76號,台中市北屯區平德路187巷41號,,,
中市獸醫師開字第75號,台中市北區健行路76號,,,
苗獸開字第7號,頭份鎮中華路955-7號,,,
花府農獸師字第3號,花蓮市中正路559號,,,
中市獸醫師開字第71號,台中市北區青島路三段212號,,,
中市獸醫師開字第72號,台中市北區太原路一段426號,,,
中市獸醫師開字第70號,台中市烈美街173號,,,
北市獸業字第161號,台北市農安街72號1樓,,,
投府農畜師開字第2號,高雄市埔里區中山三段445號,,,
中市獸醫師開字第69號,台中市南屯區南屯路二段271號,,,
中縣畜開字第21號,台中市大甲區新政路2-2號,,,
中市獸醫師開字第68號,台中市北區健行路638號,,,
南縣獸師開字第39號,台南市新化區建國街7號,,,
北府畜醫業字第70號,新北市淡水區竹圍里民權路141號,,,
高市建獸醫字第67號,高雄市三民區天民路30號,,,
北市獸業字第138號,台北市內湖路一段45號,,,
高市獸開字第65號,高雄市苓雅區建國一路270號,,,
南市獸開字第33號,台南市東寧路318號,,,
高市建獸醫字第64號,高雄市新興區六合一路30號,,,
北府畜醫業字第65號,新莊區中正路783號,,,
北市獸業字第135號,台北市興隆路二段95巷5-1號,,,
高市獸開字第63號,高雄市苓雅區和平二路367號,,,
北市獸業字第133號,台北市中山北路六段368號,,,
北市獸業字第130號,臺北市中山北路6段431之3號1樓,,,
中市獸醫師開字第61號,台中市北屯區北屯路281-4號,,,
中市獸醫師開字第60號,台中市西區美村路86-1號,,,
高市獸開字第62號,高雄市新興區忠孝一路245號,,,
高市獸開字第61號,高雄市苓雅區建國一路139~6號,,,
中市獸醫師開字第59號,台中市北區中清路一段746號,,,
北府畜醫業字第32號,新北市板橋區館前西路156-1號1樓,,,
北府畜醫業字第55號,新店區中正路392號1樓,,,
中市獸醫師開字第57號,台中市南屯區大墩二街82號,,,
北市獸業字第112號,臺北市中山北路7段163號1樓及地下1樓,,,
北市獸業字第111號,臺北市北投區實踐街六十四號一樓,,,
北市獸業字第82號,台北市信義區光復南路473巷13弄7號一樓,,,
高市獸開字第60號,高雄市苓雅區林德里和平一路60號,,,
高市獸開字第59號,高雄市前鎮區一心路94號,,,
北市獸業字第104號,台北重慶南路三段50號,,,
桃獸師開執字第14號,中壢市中美路一段13號,,,
北府畜醫業字第53號,新北市中和區中正路639號1樓,,,
北市獸業字第102號,臺北市重慶北路2段47號1樓,,,
高市建獸醫字第57號,高雄市三民區澄清路529號,,,
北市獸業字第101號,台北市東園街158號,,,
北市獸業字第83號,台北市港墘路109-2號,,,
北府畜醫業字第49號,三重區重新路一段62號,,,
北市獸業字第85號,台北市中央北路二段112號,,,
中縣畜開字第19號,台中市太平區新光村中山路4段31號,,,
北市獸業字第26號,台北瑞安街135巷23號,,,
北市獸業字第21號,台北市文林路757號,,,
北市獸業字第78號,台北市松德路57號,,,
北市獸業字第79號,台北市安和路二段171巷13號1樓,,,
高市獸開字第51號,高雄市前鎮區廣西路421號,,,
北市獸業字第75號,台北市五常街69號,,,
中市獸醫師開字第51號,台中市北區中清路一段693號,,,
北市獸業字第71號,台北市仁愛路四段411-1號1樓,,,
北市獸業字第64號,臺北市中山區復興北路506號1樓,,,
北府畜醫業字第45號,樹林區樹新路35號,,,
中縣畜開字第18號,台中市豐原區圓環南路63號,,,
中市獸醫師開字第47號,台中市北區學士路254號,,,
高市獸開字第43號,高雄市苓雅區光華一路119號,,,
中市獸醫師開字第46號,台中市北區錦華街56號,,,
北府畜醫業字第40號,新北市永和區中正路113號,,,
高雄獸師開字第17號,高雄市三民區綏遠一街133號,,,
中市獸醫師開字第45號,台中市西區公正路146號,,,
北市獸業字第47號,台北市松山區民生東路5段63號1樓,,,
高市建獸醫字第40號,高雄市前金區七賢二路149號,,,
高市建獸醫字第38號,高雄市三民區建興路287號,,,
高市建獸醫字第11號,高雄市三民區十全二路357號,,,
高市建獸醫字第36號,高雄市左營區左營大路209號,,,
高市建獸醫字第32號,高雄市三民區博愛一路115號,,,
北府畜醫業字第28號,新北市板橋區文化路2段335號,,,
中市獸醫師開字第42號,台中市南區國光路45號,,,
高雄獸師開字第26號,高雄市苓雅區中華四路210號,,,
中市獸醫師開字第35號,台中市西區美村路一段632號,,,
高市建獸醫字第20號,高雄市三民區大順二路443號,,,
中市獸醫師開字第33號,台中市北區進化路547號,,,
高市建獸醫字第4號,高雄市苓雅區中華四路163號,,,
中市獸醫師開字第29號,台中市東區進化路221巷1-4號,,,
屏縣獸醫字第16號,屏東縣潮州鎮四維路392號,,,
苗獸開字第2號,苗栗縣苗栗鎮中山路593號,,,
南縣獸師開字第1號,台南市麻豆區興中路41號,,,
投府農畜師開字第1號,南投縣埔里鎮東門里東華路91-1號,,,
宜縣獸業字第17號,宜蘭市長春路51號,,,
彰府農畜師字第36號,彰化縣員林鎮中正路451號,,,
彰府農畜師字第25號,彰化縣永靖鄉永北村水尾路226號,,,
高雄獸師開字第16號,高雄市前金區自強二路41號,,,
彰府農畜師字第12號,彰化縣員林鎮中山南路88號,,,
宜縣獸業字第4號,宜蘭縣羅東鎮義和里中正路21-1號,,,
彰府農畜師字第10號,彰化縣員林鎮員水路二段511號,,,
嘉府獸師開字第9號,嘉義縣新港鄉古民街5-2號,,,
北市獸業字第23號,台北市重慶北路三段51號,,,
北府畜醫業字第16號,新北市新莊區中正路427-2號,,,
北市獸業字第245號,台北市華齡街22巷15弄5號,,,
北市獸業字第62號,台北市內湖路二段383號,,,
北市獸業字第171號,台北市天母東路1-6號,,,
北府畜醫業字第26號,新北市永和區永貞路108號,,,
北市獸業字第157號,台北市內湖路一段341-2號,,,
宜縣獸業字第3號,羅東鎮培英路158號,,,
彰府農畜師字第33號,彰化縣北斗鎮公所街124號,,,
北市獸業字第150號,台北市重慶南路三段60-4號2樓,,,
北市獸業字第196號,臺北市大安區市民大道3段238號1樓,,,
北市獸業字第54號,台北市西園路二段175號1樓,,,
彰府農畜師字第23號,彰化縣溪洲鄉成功村下田路6-16號,,,
北府畜醫業字第52號,中和區景平路321號,,,
嘉府獸師開字第21號,嘉義縣太保市中山路1段586巷1-5號,,,
北市獸業字第297號,台北市東華街二段2號,,,
宜縣獸業字第5號,宜蘭縣蘇澳鎮中山路1段377號,,,
宜縣獸業字第7號,宜蘭市力行路136號,,,
宜縣獸業字第9號,宜蘭市復興路一段117號2樓,,,
宜縣獸業字第2號,宜蘭縣羅東鎮倉前9號,,,
北市獸業字第110號,台北市興隆路一段94號,,,
北市獸業字第142號,台北市三民路101巷1號,,,
高市獸開字第44號,高雄市苓雅區復興二路72號,,,
彰府農畜師字第24號,田中鎮中新路231巷31號,,,
中縣畜開字第23號,台中市大里區中興路一段426號,,,
北市獸業字第131號,台北市萬大路104號,,,
北市獸業字第134號,台北市松山區光復北路6-2號,,,
宜縣獸業字第8號,宜蘭市宜興路一段65號,,,
北市獸業字第144號,臺北市東湖路113巷54號1樓,,,
北市獸業字第149號,臺北市大安區延吉街72之20號,,,
北市獸業字第169號,台北市中和街288號,,,
北市獸業字第156號,台北市承德路四段18號,,,
北市獸業字第163號,台北市興隆路三段298-2號,,,
北市獸業字第145號,台北市民權西路240號,,,
彰府農畜師字第44號,彰化縣和美鎮道周路553號,,,
北市獸業字第146號,台北市龍江路443巷1-2號,,,
府建農字第12號,嘉義市民生南路262號,,,
北市獸業字第151號,台北市四維路170巷45號,,,
北市獸業字第155號,台北市健康路238號,,,
彰府農畜師字第31號,彰化市中山路二段189號,,,
彰府農畜師字第54號,彰化市彰美路一段164號,,,
北市獸業字第160號,台北市興安街89號,,,
北市獸業字第168號,台北市內湖區康樂街164號,,,
北市獸業字第238號,臺北市和平東路2段34、34-1號1樓,,,
宜縣獸業字第10號,宜蘭縣羅東鎮興東路211號,,,
北市獸業字第274號,臺北市北投區雙全街7號,,,
北市獸業字第179號,台北市中坡南路207號,,,
彰府農畜師字第35號,二林鎮仁愛路362號,,,
北市獸業字第188號,台北市和平東路三段391巷8弄27號,,,
北市獸業字第172號,台北市成功路四段182巷8弄4號,,,
中縣畜開字第41號,台中市潭子區圓通南路268號,,,
彰府農畜師字第26號,彰化縣溪湖鎮大溪路二段491號,,,
北市獸業字第187號,台北市八德路四段305號1樓,,,
北市獸業字第178號,台北市延平北路五段191號,,,
北市獸業字第191號,台北市忠孝東路五段189號,,,
北市獸業字第182號,臺北市和平東路3段66-1號,,,
彰府農畜師字第43號,彰化縣員林鎮中山路二段131巷54弄24號,,,
中縣畜開字第37號,清水區中山路127-3號,,,
北市獸業字第197號,台北市莊敬路235號,,,
彰府農畜師字第39號,彰化縣北斗鎮四維路66號,,,
宜縣獸業字第14號,羅東鎮愛國路86號,,,
北市獸業字第286號,台北市興隆路四段159-1號,,,
北市獸業字第265號,台北市自強街27號,,,
嘉府獸師開字第6號,嘉義縣布袋鎮永安里265號,,,
彰府農畜師字第34號,彰化縣芳苑鄉草湖村仁愛路18號,,,
北市獸業字第300號,台北市西園路二段105號,,,
彰府農畜師字第37號,彰化市仁愛路124號,,,
高縣獸醫開字第109號,高雄市大樹區大樹里中興南路119號,,,
北市獸業字第293號,台北市通化街148號,,,
北市獸業字第266號,台北市德行東路269號,,,
北市獸業字第303號,臺北市信義區中坡南路62號,,,
北市獸業字第273號,臺北市信義區信義路6段37號1樓,,,
北市獸業字第250號,台北市和平東路三段255號,,,
彰府農畜師字第13號,彰化縣員林鎮大同路二段37巷10號,,,
彰府農畜師字第29號,彰化縣鹿港鎮中山路59號,,,
高縣獸醫開字第123號,高雄市仁武區中華路205號,,,
北市獸業字第267號,台北市興隆路二段13號1樓,,,
彰府農畜師字第52號,彰化縣員林鎮員東路二段209號,,,
北市獸業字第270號,台北市延吉街57號,,,
北市獸業字第280號,台北市羅斯福路五段47-1號,,,
北市獸業字第258號,台北市光復南路52號,,,
彰府農畜師字第59號,彰化市中山路2段616號,,,
北市獸業字第230號,台北市忠孝東路二段74號,,,
嘉府獸師開字第25號,嘉義縣民雄鄉西安村安和路96號,,,
彰府農畜師字第4號,彰化縣北斗鎮復興路200巷40弄8號,,,
嘉府獸師開字第22號,嘉義縣竹崎鄉昇平村污水溪1號,,,
宜縣獸業字第16號,宜蘭市小東路13之2號,,,
中縣畜開字第42號,台中市沙鹿區三民路97號,,,
北市獸業字第221號,台北市錦州街132號1樓,,,
北市獸業字第208號,臺北市中山北路5段519號1樓及B1,,,
北市獸業字第214號,台北市松山路265號,,,
北市獸業字第231號,台北市木新路三段133-2號,,,
北市獸業字第224號,台北市貴陽街二段51號,,,
北市獸業字第225號,台北市八德路四段188號,,,
北市獸業字第269號,台北市光復南路563號,,,
北市獸業字第288號,台北市青島東路33-2號,,,
北市獸業字第252號,台北市萬大路227號,,,
北市獸業字第305號,臺北市北投區光明路61號1樓,,,
北市獸業字第309號,台北市光復北路46號,,,
